序号,分类,越南语,中文,级别,词性
1,十二、常用口语短句（高频）,chị ấy tên là,她名字是,A1,
2,十二、常用口语短句（高频）,cô ấy tên là,她名字是,A1,
3,十一、核心动词、形容词、连词与高频成语,dạ,嗯 / 是的,A1,c.
4,三、人称代词、家庭亲属与职场社交,nhà em,我家,A1,
5,三、人称代词、家庭亲属与职场社交,nhà anh,你家,A1,
6,十一、核心动词、形容词、连词与高频成语,ở ngay cạnh,就在旁边,A1,
7,三、人称代词、家庭亲属与职场社交,sinh,出生,A1,đg.
8,二、时间、日期、月份与周期,năm sau,明年,A1,
9,二、时间、日期、月份与周期,trời đẹp,天气很美,A1,
10,六、购物百货、服装尺码、颜色与售后,khoảng,大约,A1,d.
11,三、人称代词、家庭亲属与职场社交,em dâu,弟媳,A1,
12,十一、核心动词、形容词、连词与高频成语,hãy,请,A1,p.
13,十一、核心动词、形容词、连词与高频成语,cho biết,告知 / 说说,A1,đg.
14,五、交通出行、海关通关、地理与东南亚国家,phát ngôn,发言,A1,d.
15,五、交通出行、海关通关、地理与东南亚国家,thanh sắc,锐声 (越南语的声调之一),A1,d.
16,七、酒店住宿、房屋租赁与日常家务,thanh điệu,声调,A1,d.
17,十一、核心动词、形容词、连词与高频成语,rất,很,A1,p.
18,九、金融理财、股市交易与外汇结算,dùng,用,A1,đg.
19,五、交通出行、海关通关、地理与东南亚国家,tiếng Việt,越南语,A1,
20,十一、核心动词、形容词、连词与高频成语,ở đâu cũng,在哪都 (在哪 … 都),A1,
21,八、商务经贸、合同条款与物流生产,chắc,有可能,A1,t.
22,十一、核心动词、形容词、连词与高频成语,này,这,A1,đ.
23,二、时间、日期、月份与周期,nem,春卷 (越南春卷),A1,d.
24,四、餐饮美食、水果特产与生活调料,trứng,蛋,A1,d.
25,十一、核心动词、形容词、连词与高频成语,và,和,A1,k.
26,十一、核心动词、形容词、连词与高频成语,thích ... hơn,更喜欢 …,A1,
27,七、酒店住宿、房屋租赁与日常家务,chưa thể,还不能,A1,
28,十一、核心动词、形容词、连词与高频成语,thì phải,好像/ … 似的,A1,
29,十一、核心动词、形容词、连词与高频成语,điều,事/内容,A2,d.
30,三、人称代词、家庭亲属与职场社交,người đàn ông,男人,A2,
31,三、人称代词、家庭亲属与职场社交,người phụ nữ,女人,A2,
32,十一、核心动词、形容词、连词与高频成语,điều gì,什么,A2,
33,十一、核心动词、形容词、连词与高频成语,tìm,找,A2,đ.
34,五、交通出行、海关通关、地理与东南亚国家,tuyến,路线,A2,d.
35,五、交通出行、海关通关、地理与东南亚国家,hồ Hoàn Kiếm,还剑湖,A2,
36,六、购物百货、服装尺码、颜色与售后,đại học Bách Khoa,理工大学,A2,
37,五、交通出行、海关通关、地理与东南亚国家,ga Hà Nội,河内站,A2,
38,四、餐饮美食、水果特产与生活调料,tình huống,况味/境地/处境,A2,d.
39,三、人称代词、家庭亲属与职场社交,đây,这儿,A2,đ.
40,三、人称代词、家庭亲属与职场社交,thầy,(男) 老师,A2,d.
41,三、人称代词、家庭亲属与职场社交,không sao,没事儿,A2,
42,一、数字、量词与度量衡,mẹ,我 (第一人称),A2,d.
43,六、购物百货、服装尺码、颜色与售后,cất,收,A2,đg.
44,七、酒店住宿、房屋租赁与日常家务,đơn,药单,A2,d.
45,十一、核心动词、形容词、连词与高频成语,nên,应该,A2,đg.
46,十二、常用口语短句（高频）,nhé,吧,A2,p.
47,十、医疗健康、人体疾病与紧急求助,khám,看 (病),A2,đg.
48,七、酒店住宿、房屋租赁与日常家务,nằm viện,住院,A2,
49,五、交通出行、海关通关、地理与东南亚国家,đi khám,去看病,A2,health
50,十二、常用口语短句（高频）,thế nào,怎么样,A2,đ.
51,十一、核心动词、形容词、连词与高频成语,dạo này,最近,A2,
52,十一、核心动词、形容词、连词与高频成语,nội dung,内容,A2,d.
53,十一、核心动词、形容词、连词与高频成语,chính,主要,A2,t.
54,十一、核心动词、形容词、连词与高频成语,phong tục,风俗,A2,d.
55,四、餐饮美食、水果特产与生活调料,ẩm thực,饮食,A2,d.
56,八、商务经贸、合同条款与物流生产,bài ng,听力文章,A2,
57,五、交通出行、海关通关、地理与东南亚国家,nói về,说到/谈到,A2,
58,十一、核心动词、形容词、连词与高频成语,lời mời,邀请,A2,
59,四、餐饮美食、水果特产与生活调料,bữ,顿（一顿饭）,A2,
60,三、人称代词、家庭亲属与职场社交,người Việt,越南人,A2,
61,十一、核心动词、形容词、连词与高频成语,lời chúc,祝福,A2,
62,四、餐饮美食、水果特产与生活调料,cơm,饭,A2,d.
63,十一、核心动词、形容词、连词与高频成语,xong,完,A2,p.
64,五、交通出行、海关通关、地理与东南亚国家,thường,一般 / 通常,A2,p.
65,八、商务经贸、合同条款与物流生产,xin phép,请（允许）,A2,đg.
66,六、购物百货、服装尺码、颜色与售后,mọi người,大家,A2,
67,十一、核心动词、形容词、连词与高频成语,nói gì,说什么,A2,
68,十一、核心动词、形容词、连词与高频成语,không thể,不能,A2,p.
69,一、数字、量词与度量衡,thiếu,少,A2,t.
70,四、餐饮美食、水果特产与生活调料,bánh,饼,A2,d.
71,五、交通出行、海关通关、地理与东南亚国家,chợ quê,乡村市场,A2,
72,二、时间、日期、月份与周期,ngày Tết,春节,A2,
73,十、医疗健康、人体疾病与紧急求助,dưa hành,腌葱头,A2,
74,四、餐饮美食、水果特产与生活调料,rau củ quả,蔬菜水果,A2,
75,五、交通出行、海关通关、地理与东南亚国家,sự hiếu khách,好客,A2,
76,三、人称代词、家庭亲属与职场社交,người đi chợ quê,去乡村市场的人们,A2,
77,七、酒店住宿、房屋租赁与日常家务,ngoài ... còn ...,除了 … 还,A2,
78,五、交通出行、海关通关、地理与东南亚国家,cảm nhận được,感受到,A2,
79,二、时间、日期、月份与周期,lễ hội mùa xuân,春节,A2,
80,六、购物百货、服装尺码、颜色与售后,văn hóa mua sắm,购物文化,A2,
81,十一、核心动词、形容词、连词与高频成语,đặc trưng,特征,A2,d.
82,七、酒店住宿、房屋租赁与日常家务,khí hậu,气候,A2,d.
83,五、交通出行、海关通关、地理与东南亚国家,Thành phố Hồ Chí Minh,胡志明市,A2,
84,六、购物百货、服装尺码、颜色与售后,ý chính,大意,A2,
85,十一、核心动词、形容词、连词与高频成语,là gì,是什么,A2,
86,二、时间、日期、月份与周期,mùa mưa rainy seas,雨季,A2,
87,五、交通出行、海关通关、地理与东南亚国家,diễn ra,举行,A2,đg.
88,二、时间、日期、月份与周期,tháng,月,A2,d.
89,七、酒店住宿、房屋租赁与日常家务,đồ dùng,器皿,B1,d.
90,四、餐饮美食、水果特产与生活调料,bát đĩa,餐具,B1,d.
91,七、酒店住宿、房屋租赁与日常家务,dao kéo,刀具,B1,d.
92,六、购物百货、服装尺码、颜色与售后,vật dụng,物品 / 物体,B1,d.
93,六、购物百货、服装尺码、颜色与售后,nhỏ,小,B1,t.
94,十一、核心动词、形容词、连词与高频成语,cạnh,边缘,B1,d.
95,十一、核心动词、形容词、连词与高频成语,cong,弯,B1,t.
96,五、交通出行、海关通关、地理与东南亚国家,máy rử,洗碗机,B1,
97,六、购物百货、服装尺码、颜色与售后,đồ nhựa p,塑料制品,B1,
98,十一、核心动词、形容词、连词与高频成语,không chịu được nhiệt,不能受热,B1,
99,十一、核心动词、形容词、连词与高频成语,chú ý,注意,B1,đg.
100,十一、核心动词、形容词、连词与高频成语,miệng,嘴巴,B1,d.
101,十一、核心动词、形容词、连词与高频成语,loại bỏ,清除,B1,đg.
102,六、购物百货、服装尺码、颜色与售后,thức ăn,食物,B1,d.
103,一、数字、量词与度量衡,dư thừa,剩下 / 多余,B1,t.
104,八、商务经贸、合同条款与物流生产,cho ... vào,放进,B1,
105,十一、核心动词、形容词、连词与高频成语,hướng ... lên trên,朝上,B1,
106,十一、核心动词、形容词、连词与高频成语,xếp chung,摆在一起,B1,
107,八、商务经贸、合同条款与物流生产,hội thoại,会话,B1,d.
108,十一、核心动词、形容词、连词与高频成语,chủ đề,主题,B1,d.
109,二、时间、日期、月份与周期,mùa hè,夏天,B1,d.
110,五、交通出行、海关通关、地理与东南亚国家,môi trường,环境,B1,d.
111,三、人称代词、家庭亲属与职场社交,cùng,共同,B1,t.
112,十一、核心动词、形容词、连词与高频成语,suy nghĩ,想法 / 看法,B1,d.
113,十一、核心动词、形容词、连词与高频成语,phải làm gì,要做什么,B1,
114,十一、核心动词、形容词、连词与高频成语,Sa Pa,沙巴,B1,d.
115,五、交通出行、海关通关、地理与东南亚国家,cách đây,距今,B1,
116,十二、常用口语短句（高频）,cách đây lâu chưa,距今多久了?,B1,
117,十一、核心动词、形容词、连词与高频成语,trước kia,以前,B1,d.
118,五、交通出行、海关通关、地理与东南亚国家,thuận tiện,方便/便利,B1,t.
119,五、交通出行、海关通关、地理与东南亚国家,đường đi lên,去……的道路,B1,
120,十一、核心动词、形容词、连词与高频成语,so với,与……相比,B1,
121,二、时间、日期、月份与周期,mất thời gi,耗时间,B1,
122,十一、核心动词、形容词、连词与高频成语,vì sao,为什么,B1,đ.
123,三、人称代词、家庭亲属与职场社交,chị ấy,她,B1,
124,十一、核心动词、形容词、连词与高频成语,vì,因为,B1,k.
125,十一、核心动词、形容词、连词与高频成语,hỏng,坏,B1,t.
126,十一、核心动词、形容词、连词与高频成语,tàu điện cao tốc,高铁,B1,
127,十一、核心动词、形容词、连词与高频成语,tàu điện trên,轻轨,B1,
128,九、金融理财、股市交易与外汇结算,những lợi ích,益处/好处/利益,B1,
129,五、交通出行、海关通关、地理与东南亚国家,tắc đường,堵车 / 交通拥挤,B1,
130,五、交通出行、海关通关、地理与东南亚国家,tiết kiệm được,能节省,B1,
131,十一、核心动词、形容词、连词与高频成语,tại sao,为什么,B1,đ.
132,十一、核心动词、形容词、连词与高频成语,cứu,救,B1,đg.
133,十一、核心动词、形容词、连词与高频成语,châu chấu,蚱蜢,B1,d.
134,十一、核心动词、形容词、连词与高频成语,ngại,怕,B1,đg.
135,十一、核心动词、形容词、连词与高频成语,chết đói,饿死,B1,
136,十一、核心动词、形容词、连词与高频成语,luôn,总是,B1,p.
137,六、购物百货、服装尺码、颜色与售后,hiểu ra,明白,B1,
138,十一、核心动词、形容词、连词与高频成语,không phải,不是,B1,
139,十一、核心动词、形容词、连词与高频成语,cũng có,也有,B1,
140,十一、核心动词、形容词、连词与高频成语,Khâu Vai,蔻瓦伊,B2,d.
141,五、交通出行、海关通关、地理与东南亚国家,chợ tình,爱情集市,B2,
142,三、人称代词、家庭亲属与职场社交,những người yêu nhau,恋人,B2,
143,九、金融理财、股市交易与外汇结算,lấy nhau,结婚,B2,
144,九、金融理财、股市交易与外汇结算,không lấy được nhau,不能结婚,B2,
145,六、购物百货、服装尺码、颜色与售后,mua bán,买卖,B2,đg.
146,六、购物百货、服装尺码、颜色与售后,hàng hóa,货物,B2,d.
147,十一、核心动词、形容词、连词与高频成语,hôn lễ,婚礼,B2,d.
148,十一、核心动词、形容词、连词与高频成语,ca ngợi,歌颂,B2,đg.
149,九、金融理财、股市交易与外汇结算,đôi lứa,情侣,B2,d.
150,十一、核心动词、形容词、连词与高频成语,nét đẹp văn hóa,文化之美,B2,
151,四、餐饮美食、水果特产与生活调料,gặp nhau,见面,B2,
152,十一、核心动词、形容词、连词与高频成语,bài,课文,B2,d.
153,十一、核心动词、形容词、连词与高频成语,thách thức,挑战,B2,d.
154,八、商务经贸、合同条款与物流生产,kinh tế số,数字经济,B2,
155,八、商务经贸、合同条款与物流生产,khoa học công nghệ,科技,B2,
156,八、商务经贸、合同条款与物流生产,kinh tế xã hội,经济社会,B2,
157,五、交通出行、海关通关、地理与东南亚国家,các nước đang phát triển,发展中国家,B2,
158,十一、核心动词、形容词、连词与高频成语,đột phá,突破性,B2,t.
159,十一、核心动词、形容词、连词与高频成语,lĩnh vực,领域,B2,d.
160,八、商务经贸、合同条款与物流生产,trải qua,经历,B2,đg.
161,十一、核心动词、形容词、连词与高频成语,cuộc cách mạng,革命,B2,
162,一、数字、量词与度量衡,lần thứ tư,第四次,B2,
163,十一、核心动词、形容词、连词与高频成语,khiến cho,让 / 使,B2,
164,五、交通出行、海关通关、地理与东南亚国家,tiến thẳng,直接走向,B2,
165,八、商务经贸、合同条款与物流生产,tạo nên,创造出,B2,
166,十一、核心动词、形容词、连词与高频成语,yếu tố,因素,B2,d.
167,十一、核心动词、形容词、连词与高频成语,định nghĩa,定义,B2,d.
168,十一、核心动词、形容词、连词与高频成语,bản thân,自己 / 自身,B2,d.
169,六、购物百货、服装尺码、颜色与售后,thang đo hạnh phúc,幸福量表,B2,
170,十、医疗健康、人体疾病与紧急求助,sức khỏe tâm thần,精神健康,B2,
171,十一、核心动词、形容词、连词与高频成语,cần phải,需要,B2,
172,三、人称代词、家庭亲属与职场社交,vitamin,维生素,B2,d.
173,六、购物百货、服装尺码、颜色与售后,khoáng chất,矿物质,B2,d.
174,八、商务经贸、合同条款与物流生产,tăng cường,增加,B2,đg.
175,六、购物百货、服装尺码、颜色与售后,thực phẩm,食品,B2,d.
176,十一、核心动词、形容词、连词与高频成语,một trong những one,… 之一,B2,
177,十、医疗健康、人体疾病与紧急求助,mối lo ngại c,担忧/ 顾虑/担心,B2,
178,十一、核心动词、形容词、连词与高频成语,thực phẩm bổ sung,膳食补充剂,B2,
179,六、购物百货、服装尺码、颜色与售后,quá liều,过量,B2,
180,六、购物百货、服装尺码、颜色与售后,gây độc,引起中毒,B2,
181,九、金融理财、股市交易与外汇结算,thông tin,信息,B2,d.
182,二、时间、日期、月份与周期,với,关联词，连接后面的成分,B2,k.
183,十、医疗健康、人体疾病与紧急求助,thảo dược,草药,B2,d.
184,四、餐饮美食、水果特产与生活调料,dưới đây,下面,B2,
185,十一、核心动词、形容词、连词与高频成语,chữa khỏi,治愈,B2,
186,八、商务经贸、合同条款与物流生产,gây ra,引起/ 造成,B2,
187,十一、核心动词、形容词、连词与高频成语,1 (một),一,未标注,d.
188,八、商务经贸、合同条款与物流生产,giám khảo,监考员,未标注,d.
189,三、人称代词、家庭亲属与职场社交,thí sinh,考生,未标注,d.
190,四、餐饮美食、水果特产与生活调料,nếu,如果,未标注,k.
191,八、商务经贸、合同条款与物流生产,giao tiếp xã hội,交际,未标注,
192,三、人称代词、家庭亲属与职场社交,quê hương củ,你的家乡,未标注,
193,十二、常用口语短句（高频）,hãy cho tôi biết,望你讲给我听,未标注,
194,八、商务经贸、合同条款与物流生产,lời khuyên,建议,未标注,
195,五、交通出行、海关通关、地理与东南亚国家,phương pháp,方法,未标注,d.
196,八、商务经贸、合同条款与物流生产,kết hợp,结合,未标注,đg.
197,八、商务经贸、合同条款与物流生产,nghề nghiệp,职业,未标注,d.
198,十一、核心动词、形容词、连词与高频成语,việc định hướng,定向,未标注,
199,十一、核心动词、形容词、连词与高频成语,giỏi giang,精明干练,A1-B1,t.
200,二、时间、日期、月份与周期,Thiên An,天安,A1-B1,d.
201,十一、核心动词、形容词、连词与高频成语,nhưng,但是,A1-B1,k.
202,十二、常用口语短句（高频）,vợ tôi my w,我老婆,A1-B1,
203,三、人称代词、家庭亲属与职场社交,tên cô ấy,她的名字,A1-B1,
204,三、人称代词、家庭亲属与职场社交,người Trung Quốc C,中国人,A1-B1,
205,三、人称代词、家庭亲属与职场社交,quen nhau familiar,认识,A1-B1,
206,六、购物百货、服装尺码、颜色与售后,năm thứ ba,大三,A1-B1,
207,二、时间、日期、月份与周期,lúc đó,那时,A1-B1,
208,八、商务经贸、合同条款与物流生产,ra trường graduate,毕业,A1-B1,
209,三、人称代词、家庭亲属与职场社交,cô c,女儿,A1-B1,
210,十一、核心动词、形容词、连词与高频成语,cả ... và,和,A1-B1,
211,六、购物百货、服装尺码、颜色与售后,tiếng Trung C,汉语 / 中文,A1-B1,
212,十一、核心动词、形容词、连词与高频成语,tránh,避免,A1-B1,đg.
213,六、购物百货、服装尺码、颜色与售后,lượng,流量,A1-B1,d.
214,二、时间、日期、月份与周期,quanh,周边,A1-B1,d.
215,二、时间、日期、月份与周期,hàng ngày,每天,A1-B1,
216,十一、核心动词、形容词、连词与高频成语,đi dạo walk,逛逛,A1-B1,
217,五、交通出行、海关通关、地理与东南亚国家,con phố cổ,古街,A1-B1,
218,四、餐饮美食、水果特产与生活调料,đi ăn,去吃,A1-B1,
219,四、餐饮美食、水果特产与生活调料,những món ăn,小吃,A1-B1,
220,十一、核心动词、形容词、连词与高频成语,thăm,看,A1-B1,đg.
221,九、金融理财、股市交易与外汇结算,nở,开,A1-B1,đg.
222,二、时间、日期、月份与周期,tiết trời,天气,A1-B1,d.
223,十一、核心动词、形容词、连词与高频成语,thưởng thức,欣赏,A1-B1,đg.
224,十一、核心动词、形容词、连词与高频成语,cùng nhau,一起,A1-B1,
225,三、人称代词、家庭亲属与职场社交,bố mẹ vợ tôi,岳父岳母,A1-B1,
226,三、人称代词、家庭亲属与职场社交,sinh sống live,生活,A1-B1,
227,十一、核心动词、形容词、连词与高频成语,se se lạnh,有点冷,A1-B1,
228,七、酒店住宿、房屋租赁与日常家务,nắng nhẹ,柔和的阳光,A1-B1,
229,八、商务经贸、合同条款与物流生产,ông bà ngoại,外公外婆,A1-B1,
230,五、交通出行、海关通关、地理与东南亚国家,đi ngắm hoa nở,去赏花,A1-B1,
231,四、餐饮美食、水果特产与生活调料,hải sản,海鲜,A1-B1,d.
232,八、商务经贸、合同条款与物流生产,được chế biến,做 / 加工,A1-B1,
233,二、时间、日期、月份与周期,nem hải sản seafood,海鲜春卷,A1-B1,
234,一、数字、量词与度量衡,bún miến hải sản,海鲜米线粉丝,A1-B1,
235,四、餐饮美食、水果特产与生活调料,hải sản nướng,烧烤海鲜,A1-B1,
236,十一、核心动词、形容词、连词与高频成语,thích ... nhất,最喜欢 …,A1-B1,
237,二、时间、日期、月份与周期,tiếng,小时,A1-B1,d.
238,十一、核心动词、形容词、连词与高频成语,lượt,次,A1-B1,d.
239,五、交通出行、海关通关、地理与东南亚国家,tham quan,参观,A1-B1,đg.
240,一、数字、量词与度量衡,nghỉ dưỡng,度假,A1-B1,đg.
241,五、交通出行、海关通关、地理与东南亚国家,có thể đến với,可以来到,A1-B1,
242,五、交通出行、海关通关、地理与东南亚国家,thành phố biển b,海边城市,A1-B1,
243,三、人称代词、家庭亲属与职场社交,ở đây,这里/这儿,A1-B1,
244,十一、核心动词、形容词、连词与高频成语,hàng trăm nghìn,数十万,A1-B1,
245,十一、核心动词、形容词、连词与高频成语,tận hưởng,享受,A1-B1,đg.
246,五、交通出行、海关通关、地理与东南亚国家,lang thang,漫步走,A1-B1,đg.
247,六、购物百货、服装尺码、颜色与售后,giá,价格,A1-B1,d.
248,七、酒店住宿、房屋租赁与日常家务,phòng,房间,A1-B1,d.
249,五、交通出行、海关通关、地理与东南亚国家,vui chơi entertainment area,游玩,A1-B1,
250,五、交通出行、海关通关、地理与东南亚国家,khu phố quarter,街区,A1-B1,
251,五、交通出行、海关通关、地理与东南亚国家,ven biển seaside,海边,A1-B1,
252,十一、核心动词、形容词、连词与高频成语,3 sao 3 stars,三星级,A1-B1,
253,十一、核心动词、形容词、连词与高频成语,4 sao 4 stars,四星级,A1-B1,
254,十一、核心动词、形容词、连词与高频成语,5 sao 5 stars,五星级,A1-B1,
255,十一、核心动词、形容词、连词与高频成语,không ... gì,什么也不...,A1-B1,
256,十一、核心动词、形容词、连词与高频成语,không thua kém,不亚于,A1-B1,
257,十一、核心动词、形容词、连词与高频成语,8 trăm 8 hundreds,八百,A1-B1,
258,十一、核心动词、形容词、连词与高频成语,1 triệu 1 million,一百万,A1-B1,
259,三、人称代词、家庭亲属与职场社交,người vợ,妻子,A1-B1,
260,三、人称代词、家庭亲属与职场社交,người nước nào,哪国人,A1-B1,
261,三、人称代词、家庭亲属与职场社交,hai vợ chồng,夫妻俩,A1-B1,
262,十一、核心动词、形容词、连词与高频成语,tốt hơn,更好,A1-B1,
263,十一、核心动词、形容词、连词与高频成语,như nhau,一样,A1-B1,
264,十一、核心动词、形容词、连词与高频成语,cả ... đều ...,全... 都,A1-B1,
265,八、商务经贸、合同条款与物流生产,hội nghị,会议,A1-B1,d.
266,九、金融理财、股市交易与外汇结算,tổng kết,总结,A1-B1,đg.
267,七、酒店住宿、房屋租赁与日常家务,thủ tướng,总理,A1-B1,d.
268,八、商务经贸、合同条款与物流生产,ghi nhận,认可,A1-B1,đg.
269,九、金融理财、股市交易与外汇结算,căn bản,根本,A1-B1,t.
270,四、餐饮美食、水果特产与生活调料,toàn diện,全面,A1-B1,t.
271,五、交通出行、海关通关、地理与东南亚国家,quốc dân,国民,A1-B1,d.
272,七、酒店住宿、房屋租赁与日常家务,nhấn mạnh,强调,A1-B1,đg.
273,十一、核心动词、形容词、连词与高频成语,rằng,的是,A1-B1,k.
274,十一、核心动词、形容词、连词与高频成语,hoàn thiện,完善,A1-B1,t.
275,八、商务经贸、合同条款与物流生产,tiệm cận,接近,A1-B1,đg.
276,十一、核心动词、形容词、连词与高频成语,cấp độ,级别,A1-B1,d.
277,十一、核心动词、形容词、连词与高频成语,hứa hẹn,承诺,A1-B1,đg.
278,八、商务经贸、合同条款与物流生产,tạo ra,创造,A1-B1,đg.
279,五、交通出行、海关通关、地理与东南亚国家,cơ hội,机会,A1-B1,d.
280,八、商务经贸、合同条款与物流生产,thế hệ,代,A1-B1,d.
281,八、商务经贸、合同条款与物流生产,sự th,参加,A1-B1,
282,二、时间、日期、月份与周期,chiều nay,今天下午,A1-B1,
283,八、商务经贸、合同条款与物流生产,buổi họp,会议,A1-B1,
284,八、商务经贸、合同条款与物流生产,những tiến bộ,进步,A1-B1,
285,七、酒店住宿、房屋租赁与日常家务,ngành giáo dục educati,教育部门,A1-B1,
286,十一、核心动词、形容词、连词与高频成语,việc đổi mới,改革,A1-B1,
287,二、时间、日期、月份与周期,ngày càng ...,日益 ...,A1-B1,
288,十一、核心动词、形容词、连词与高频成语,đặc biệt là,特别是,A1-B1,
289,二、时间、日期、月份与周期,cấp học,教育阶段,A1-B1,
290,十一、核心动词、形容词、连词与高频成语,được chú trọng,注重,A1-B1,
291,六、购物百货、服装尺码、颜色与售后,tập trung,集中,A1-B1,đg.
292,十一、核心动词、形容词、连词与高频成语,kiên quyết,坚决,A1-B1,t.
293,十一、核心动词、形容词、连词与高频成语,ngăn chặn,防止,A1-B1,đg.
294,六、购物百货、服装尺码、颜色与售后,ma túy,毒品,A1-B1,d.
295,十一、核心动词、形容词、连词与高频成语,xâm nhập,入侵,A1-B1,đg.
296,七、酒店住宿、房屋租赁与日常家务,học đường,校园,A1-B1,d.
297,十一、核心动词、形容词、连词与高频成语,xâm hại,侵犯 / 侮辱,A1-B1,đg.
298,五、交通出行、海关通关、地理与东南亚国家,đạo đức,道德,A1-B1,d.
299,三、人称代词、家庭亲属与职场社交,nhân cách,人格,A1-B1,d.
300,八、商务经贸、合同条款与物流生产,được phép,获许,A1-B1,đ.
301,九、金融理财、股市交易与外汇结算,tình trạng,状况 / 情况,A1-B1,d.
302,十一、核心动词、形容词、连词与高频成语,bạo lực,暴力,A1-B1,d.
303,三、人称代词、家庭亲属与职场社交,giáo viên,老师,A1-B1,d.
304,六、购物百货、服装尺码、颜色与售后,chuẩn mực,标准,A1-B1,d.
305,五、交通出行、海关通关、地理与东南亚国家,quá trình,过程,A1-B1,d.
306,十一、核心动词、形容词、连词与高频成语,cấp,级别,A1-B1,d.
307,六、购物百货、服装尺码、颜色与售后,cao đẳng,大专,A1-B1,d.
308,十一、核心动词、形容词、连词与高频成语,rà soát,审查,A1-B1,đg.
309,十一、核心动词、形容词、连词与高频成语,cải thiện,改善,A1-B1,đg.
310,十一、核心动词、形容词、连词与高频成语,giảng dạy,教学,A1-B1,đg.
311,二、时间、日期、月份与周期,đồng thời,同时,A1-B1,p.
312,五、交通出行、海关通关、地理与东南亚国家,hải đảo,海岛,A1-B1,d.
313,十一、核心动词、形容词、连词与高频成语,sắp tới,下一个,A1-B1,
314,十一、核心动词、形容词、连词与高频成语,Bộ Giáo dục và Đào tạo,教育培训部,A1-B1,
315,一、数字、量词与度量衡,thứ nhất,第一,A1-B1,
316,八、商务经贸、合同条款与物流生产,tệ nạn xã hội,社会弊病,A1-B1,
317,十一、核心动词、形容词、连词与高频成语,trong điều kiện,条件下,A1-B1,
318,十一、核心动词、形容词、连词与高频成语,giáo dục thường xuyên,继续教育,A1-B1,
319,十一、核心动词、形容词、连词与高频成语,môn Giáo dục công dân,德育课,A1-B1,
320,五、交通出行、海关通关、地理与东南亚国家,vùng sâu,偏远地区,A1-B1,
321,九、金融理财、股市交易与外汇结算,chính sách,政策,A1-B1,d.
322,七、酒店住宿、房屋租赁与日常家务,giữ chân,留住,A1-B1,đg.
323,十一、核心动词、形容词、连词与高频成语,vừa qua,最近,A1-B1,d.
324,五、交通出行、海关通关、地理与东南亚国家,ngành,行业,A1-B1,d.
325,十一、核心动词、形容词、连词与高频成语,hoặc,或者,A1-B1,k.
326,六、购物百货、服装尺码、颜色与售后,số liệu,数据,A1-B1,d.
327,十一、核心动词、形容词、连词与高频成语,thống kê,统计,A1-B1,đg.
328,五、交通出行、海关通关、地理与东南亚国家,toàn quốc,全国,A1-B1,d.
329,十一、核心动词、形容词、连词与高频成语,thiếu hụt,短缺,A1-B1,t.
330,十一、核心动词、形容词、连词与高频成语,nghiêm trọng,严重,A1-B1,t.
331,十一、核心动词、形容词、连词与高频成语,con số,数字,A1-B1,d.
332,五、交通出行、海关通关、地理与东南亚国家,dẫn đến,导致,A1-B1,
333,五、交通出行、海关通关、地理与东南亚国家,chuyển,转到/换,A1-B1,
334,五、交通出行、海关通关、地理与东南亚国家,lên tới,增加到,A1-B1,
335,八、商务经贸、合同条款与物流生产,bí thư,书记,A1-B1,d.
336,五、交通出行、海关通关、地理与东南亚国家,tỉnh ủy,省委,A1-B1,d.
337,十一、核心动词、形容词、连词与高频成语,Yên Bái,安沛,A1-B1,d.
338,五、交通出行、海关通关、地理与东南亚国家,đạt,达到,A1-B1,đg.
339,八、商务经贸、合同条款与物流生产,định mức,定额,A1-B1,d.
340,七、酒店住宿、房屋租赁与日常家务,suốt,整整,A1-B1,t.
341,八、商务经贸、合同条款与物流生产,đợt,批,A1-B1,d.
342,十一、核心动词、形容词、连词与高频成语,tổng,总,A1-B1,d.
343,六、购物百货、服装尺码、颜色与售后,chỉ tiêu,指标,A1-B1,d.
344,十一、核心动词、形容词、连词与高频成语,đăng ký,报名,A1-B1,đg.
345,八、商务经贸、合同条款与物流生产,tin học,信息技术,A1-B1,d.
346,三、人称代词、家庭亲属与职场社交,ông Đỗ Đức,杜德维先生,A1-B1,
347,十一、核心动词、形容词、连词与高频成语,cho biết said,表示,A1-B1,
348,二、时间、日期、月份与周期,trong suốt ba năm,整整三年内,A1-B1,
349,六、购物百货、服装尺码、颜色与售后,trắng bảng (a slang,空白,A1-B1,
350,六、购物百货、服装尺码、颜色与售后,sửa đổi,修改,A1-B1,đg.
351,一、数字、量词与度量衡,chế độ,制度,A1-B1,d.
352,八、商务经贸、合同条款与物流生产,đãi ngộ,待遇,A1-B1,đg.
353,十一、核心动词、形容词、连词与高频成语,mầm non,学前(教育),A1-B1,d.
354,八、商务经贸、合同条款与物流生产,cân nhắc,考虑,A1-B1,đg.
355,八、商务经贸、合同条款与物流生产,tăng,增加,A1-B1,đg.
356,八、商务经贸、合同条款与物流生产,đặt ra,提出,A1-B1,
357,十一、核心动词、形容词、连词与高频成语,một số some /,一些,A1-B1,
358,八、商务经贸、合同条款与物流生产,việc xây dựng,建设,A1-B1,
359,十一、核心动词、形容词、连词与高频成语,dành,给予,A1-B1,
360,八、商务经贸、合同条款与物流生产,tìm ra,找出,A1-B1,
361,四、餐饮美食、水果特产与生活调料,hiệu quả,效果,A1-B1,d.
362,十一、核心动词、形容词、连词与高频成语,bước đầu,初步,A1-B1,d.
363,五、交通出行、海关通关、地理与东南亚国家,theo kịp catch up,达到 / 跟上,A1-B1,
364,八、商务经贸、合同条款与物流生产,xem xét,考虑,A1-B1,đg.
365,八、商务经贸、合同条款与物流生产,nêu ra,提出,A1-B1,
366,十一、核心动词、形容词、连词与高频成语,bỏ nghề quit,辞职,A1-B1,
367,五、交通出行、海关通关、地理与东南亚国家,chuyển đổi nghề change,改行,A1-B1,
368,八、商务经贸、合同条款与物流生产,yêu nghề love,敬业,A1-B1,
369,二、时间、日期、月份与周期,bậc tiểu học elementary,小学阶段,A1-B1,
370,二、时间、日期、月份与周期,bậc trung học middle,中学阶段,A1-B1,
371,五、交通出行、海关通关、地理与东南亚国家,tuyển được,招到,A1-B1,
372,一、数字、量词与度量衡,thừa,多余,A1-B1,t.
373,十一、核心动词、形容词、连词与高频成语,trường,学校,A1-B1,d.
374,十一、核心动词、形容词、连词与高频成语,chuyển lên move,向上跳巢,A1-B1,
375,五、交通出行、海关通关、地理与东南亚国家,vô cơ,无机,A1-B1,t.
376,一、数字、量词与度量衡,giảm thiểu,减少,A1-B1,
377,十、医疗健康、人体疾病与紧急求助,rác thải y tế,医疗垃圾,A1-B1,
378,十一、核心动词、形容词、连词与高频成语,tương xứng,相符,A1-B1,t.
379,六、购物百货、服装尺码、颜色与售后,đắt hơn,更贵,A1-B1,
380,六、购物百货、服装尺码、颜色与售后,rẻ hơn,更便宜,A1-B1,
381,八、商务经贸、合同条款与物流生产,tương xứng với,与... 相配,A1-B1,
382,十一、核心动词、形容词、连词与高频成语,không... cũng không,不……也不,A1-B1,
383,十一、核心动词、形容词、连词与高频成语,điền,填,未标注,đg.
384,七、酒店住宿、房屋租赁与日常家务,danh sách,名单,未标注,d.
385,二、时间、日期、月份与周期,hiện nay,现在,未标注,d.
386,二、时间、日期、月份与周期,tuần,星期/周,未标注,d.
387,二、时间、日期、月份与周期,dịp,期间 / 机会,未标注,d.
388,七、酒店住宿、房屋租赁与日常家务,qu ê,家乡,未标注,d.
389,二、时间、日期、月份与周期,lễ,节假日,未标注,d.
390,六、购物百货、服装尺码、颜色与售后,chỗ trống,空白处,未标注,
391,十二、常用口语短句（高频）,em ấy he/ she,她,未标注,
392,三、人称代词、家庭亲属与职场社交,anh em tôi,我们兄妹,未标注,
393,十一、核心动词、形容词、连词与高频成语,mỗi ... một,每一个,未标注,
394,六、购物百货、服装尺码、颜色与售后,trường đại học,大学（具体存在的学校）,未标注,
395,三、人称代词、家庭亲属与职场社交,bố tôi,我爸爸,未标注,
396,十一、核心动词、形容词、连词与高频成语,th í ch ... hơn like......,更喜欢,未标注,
397,十一、核心动词、形容词、连词与高频成语,được nghỉ hè,得放暑假,未标注,
398,二、时间、日期、月份与周期,nghỉ Tết Lunar New,放寒假 / 有春节假期,未标注,
399,三、人称代词、家庭亲属与职场社交,em ruột sibling,亲妹妹,未标注,
400,十一、核心动词、形容词、连词与高频成语,thế là,就这样,未标注,k.
401,九、金融理财、股市交易与外汇结算,kết th úc,结束,未标注,đg.
402,九、金融理财、股市交易与外汇结算,việc,事情,未标注,d.
403,八、商务经贸、合同条款与物流生产,việc làm,工作,未标注,d.
404,五、交通出行、海关通关、地理与东南亚国家,trởvề,回来,未标注,đg.
405,十一、核心动词、形容词、连词与高频成语,bà y tỏ,表示,未标注,đg.
406,八、商务经贸、合同条款与物流生产,đoạn trích,摘录/节选,未标注,
407,十一、核心动词、形容词、连词与高频成语,đólà,那是,未标注,
408,十一、核心动词、形容词、连词与高频成语,ởđ ó,那里,未标注,
409,六、购物百货、服装尺码、颜色与售后,sau này,以后,未标注,
410,八、商务经贸、合同条款与物流生产,lễ hội,庙会,未标注,d.
411,七、酒店住宿、房屋租赁与日常家务,qu ê hương,家乡,未标注,d.
412,三、人称代词、家庭亲属与职场社交,lớp của tớ,我的班,A1,
413,三、人称代词、家庭亲属与职场社交,lớp của anh,你的班,A1,
414,三、人称代词、家庭亲属与职场社交,lớp của họ,他们的班,A1,
415,二、时间、日期、月份与周期,thứ sá u,星期五,A1,d.
416,十一、核心动词、形容词、连词与高频成语,vâng,是 的 / 嗯,A1,c.
417,十一、核心动词、形容词、连词与高频成语,thanh nặng,重声,A1,d.
418,十一、核心动词、形容词、连词与高频成语,hình như may be/,好像,A1,
419,一、数字、量词与度量衡,nóng ơi là nóng,多么热啊,A1,
420,十一、核心动词、形容词、连词与高频成语,Mai,梅,A2,d.
421,一、数字、量词与度量衡,gọi điện thoại,打电话,A2,
422,五、交通出行、海关通关、地理与东南亚国家,ra ngoài,出去,A2,
423,三、人称代词、家庭亲属与职场社交,người nghe điện thoại,接听人,A2,
424,三、人称代词、家庭亲属与职场社交,người đà,男人,A2,
425,六、购物百货、服装尺码、颜色与售后,đô l,美金/美元,A2,
426,十一、核心动词、形容词、连词与高频成语,xá ch,提,A2,đg.
427,十一、核心动词、形容词、连词与高频成语,năng,重,A2,t.
428,三、人称代词、家庭亲属与职场社交,mì nh,我,A2,đ.
429,十二、常用口语短句（高频）,được không,好吗/行吗,A2,
430,十、医疗健康、人体疾病与紧急求助,lo,担心,A2,đg.
431,十二、常用口语短句（高频）,không saođâu/không sao,没什么/没关系,A2,
432,十一、核心动词、形容词、连词与高频成语,không có vấ n đề gì,没问题,A2,
433,十一、核心动词、形容词、连词与高频成语,kiêng,禁忌,A2,đg.
434,五、交通出行、海关通关、地理与东南亚国家,gì cũng được anyt,什么都行,A2,
435,十二、常用口语短句（高频）,Em cứ ăn thoải mái đi Make yourself,你随便吃吧,A2,
436,四、餐饮美食、水果特产与生活调料,đồ ăn nhanh,快餐,A2,
437,二、时间、日期、月份与周期,tối mai,明晚,A2,
438,八、商务经贸、合同条款与物流生产,tiếc quá,太可惜了,A2,
439,三、人称代词、家庭亲属与职场社交,một chút,一会儿,A2,
440,十一、核心动词、形容词、连词与高频成语,lâu đời,悠久,A2,t.
441,七、酒店住宿、房屋租赁与日常家务,lý do,理由,A2,d.
442,五、交通出行、海关通关、地理与东南亚国家,du khách,游客,A2,d.
443,六、购物百货、服装尺码、颜色与售后,đặc sắc,特色 / 独特,A2,t.
444,十一、核心动词、形容词、连词与高频成语,bài nghe,听力课文,A2,
445,十一、核心动词、形容词、连词与高频成语,nền vă n hóa,文化,A2,
446,八、商务经贸、合同条款与物流生产,nổi bật,突出,A2,t.
447,五、交通出行、海关通关、地理与东南亚国家,núi non,山峦,A2,d.
448,十一、核心动词、形容词、连词与高频成语,hù ng v ī,雄伟,A2,t.
449,五、交通出行、海关通关、地理与东南亚国家,bã i biển,海滩,A2,d.
450,六、购物百货、服装尺码、颜色与售后,xanh ngắt,很蓝,A2,t.
451,五、交通出行、海关通关、地理与东南亚国家,thung lũng,山谷,A2,d.
452,五、交通出行、海关通关、地理与东南亚国家,phía Nam,南部,A2,
453,七、酒店住宿、房屋租赁与日常家务,ruộng bậc,梯田,A2,
454,三、人称代词、家庭亲属与职场社交,tranh vẽ picture,画儿,A2,
455,二、时间、日期、月份与周期,chợ Đồng Xuân Dong Xu,同春市场,A2,
456,二、时间、日期、月份与周期,từ k,从什么时候,A2,
457,二、时间、日期、月份与周期,hàng nghìn năm trước thousands,数千年前,A2,
458,八、商务经贸、合同条款与物流生产,trải nghiệm,体验,A2,d.
459,八、商务经贸、合同条款与物流生产,nghệ thuật,艺术,A2,d.
460,十一、核心动词、形容词、连词与高频成语,kh ám ph á,探索,A2,đg.
461,五、交通出行、海关通关、地理与东南亚国家,điểm đến,目的地,A2,
462,五、交通出行、海关通关、地理与东南亚国家,quan niệm,观念,A2,d.
463,十一、核心动词、形容词、连词与高频成语,đá m cưới,婚礼,A2,đg.
464,九、金融理财、股市交易与外汇结算,cưới hỏi,结婚,A2,đg.
465,八、商务经贸、合同条款与物流生产,nền nông ng,农业,A2,
466,二、时间、日期、月份与周期,trong năm,年内,A2,
467,一、数字、量词与度量衡,cường độ,强度,B1,d.
468,十一、核心动词、形容词、连词与高频成语,các,各,B1,d.
469,八、商务经贸、合同条款与物流生产,gia tăng,增加,B1,đg.
470,七、酒店住宿、房屋租赁与日常家务,không khí lạnh c,冷空气,B1,
471,二、时间、日期、月份与周期,năm trước,去年,B1,
472,十二、常用口语短句（高频）,như thế nào,怎么样,B1,
473,一、数字、量词与度量衡,giảm xuống,减少,B1,
474,九、金融理财、股市交易与外汇结算,trung bình,平均,B1,t.
475,六、购物百货、服装尺码、颜色与售后,tổng lượng mưa,降雨总量,B1,
476,五、交通出行、海关通关、地理与东南亚国家,Bắc bộ nor,北部,B1,
477,十一、核心动词、形容词、连词与高频成语,ch án,无聊,B1,đ.
478,二、时间、日期、月份与周期,Tiệc trăng máu Blood Mo,血月宴(电影名称),B1,
479,七、酒店住宿、房屋租赁与日常家务,rạp,电影院,B1,d.
480,五、交通出行、海关通关、地理与东南亚国家,trung tâm chiếu phim quốc gia,国家影视中心,B1,
481,二、时间、日期、月份与周期,Rap Lotte Lotte Cinema,乐天影城,B1,
482,二、时间、日期、月份与周期,Rạ p Tháng Tám T,八月影城,B1,
483,三、人称代词、家庭亲属与职场社交,anh ấy he,他,B1,
484,九、金融理财、股市交易与外汇结算,hủy,取消,B1,đg.
485,十一、核心动词、形容词、连词与高频成语,to àn bộ,全部,B1,d.
486,一、数字、量词与度量衡,một nử,一半,B1,
487,八、商务经贸、合同条款与物流生产,th êm,增加,B1,đg.
488,十、医疗健康、人体疾病与紧急求助,phổi,肺,B1,d.
489,六、购物百货、服装尺码、颜色与售后,si êu âm,B超,B1,đg.
490,三、人称代词、家庭亲属与职场社交,ông gi à,老爷,B1,d.
491,十、医疗健康、人体疾病与紧急求助,lo láng,担心,B1,đg.
492,九、金融理财、股市交易与外汇结算,căng thẳng,紧张,B1,t.
493,十一、核心动词、形容词、连词与高频成语,nhìn xuống,俯瞰,B1,
494,五、交通出行、海关通关、地理与东南亚国家,dòng sông,（条）河,B1,
495,三、人称代词、家庭亲属与职场社交,ông áy,他,B1,
496,五、交通出行、海关通关、地理与东南亚国家,ngắm nhìn,观看,B1,
497,十一、核心动词、形容词、连词与高频成语,chiếc lá,叶子,B1,
498,十一、核心动词、形容词、连词与高频成语,khiến,让,B1,đg.
499,十一、核心动词、形容词、连词与高频成语,trởn ên,变成,B1,đg.
500,八、商务经贸、合同条款与物流生产,chảy,流,B1,đg.
501,十一、核心动词、形容词、连词与高频成语,lo âu,担忧/忧虑,B1,đg.
502,九、金融理财、股市交易与外汇结算,yên bình,平静,B1,t.
503,八、商务经贸、合同条款与物流生产,tìm cách,设法,B1,đg.
504,四、餐饮美食、水果特产与生活调料,đối mặt,面对,B1,đg.
505,三、人称代词、家庭亲属与职场社交,cuộc sống của ông già,老爷的生活,B1,
506,四、餐饮美食、水果特产与生活调料,nước sông,河水,B1,
507,四、餐饮美食、水果特产与生活调料,trôi theo dòng nước,跟着水流消失,B1,
508,五、交通出行、海关通关、地理与东南亚国家,nhắc đến,提到,B2,
509,八、商务经贸、合同条款与物流生产,môn thể thao,体育项目,B2,
510,十一、核心动词、形容词、连词与高频成语,vị tr í,位置,B2,d.
511,七、酒店住宿、房屋租赁与日常家务,thủ môn,守门员,B2,d.
512,六、购物百货、服装尺码、颜色与售后,hậu vệ,后卫,B2,d.
513,十一、核心动词、形容词、连词与高频成语,tiền đạo,前锋,B2,d.
514,七、酒店住宿、房屋租赁与日常家务,tiền vệ,前卫,B2,d.
515,十一、核心动词、形容词、连词与高频成语,hiện tượng,现象,B2,d.
516,三、人称代词、家庭亲属与职场社交,nhận thức/,认识,B2,d.
517,八、商务经贸、合同条款与物流生产,hợp tá c,合作,B2,đg.
518,九、金融理财、股市交易与外汇结算,tí ch hợp,融入,B2,đg.
519,十一、核心动词、形容词、连词与高频成语,biện pháp,办法,B2,d.
520,八、商务经贸、合同条款与物流生产,sá ng tạo,创造,B2,t.
521,八、商务经贸、合同条款与物流生产,tác dụng,作用,B2,d.
522,九、金融理财、股市交易与外汇结算,calo,卡洛里,B2,d.
523,四、餐饮美食、水果特产与生活调料,nước ép hoa quả,果汁,B2,
524,十、医疗健康、人体疾病与紧急求助,da sáng khỏe smooth,健康亮丽的皮肤,B2,
525,八、商务经贸、合同条款与物流生产,công dụng,作用,B2,d.
526,十一、核心动词、形容词、连词与高频成语,chóng,抗,B2,đg.
527,十一、核心动词、形容词、连词与高频成语,ngăn ngừa,防止,B2,đg.
528,九、金融理财、股市交易与外汇结算,tổn thương,损伤,B2,đg.
529,十一、核心动词、形容词、连词与高频成语,tế bà o,细胞,B2,d.
530,十一、核心动词、形容词、连词与高频成语,hệ tiêu hó,消化系统,B2,
531,六、购物百货、服装尺码、颜色与售后,cân năng,重量 /体重,B2,
532,五、交通出行、海关通关、地理与东南亚国家,bù ng nổ,爆发,B2,đg.
533,六、购物百货、服装尺码、颜色与售后,só lượng,数量,B2,d.
534,八、商务经贸、合同条款与物流生产,hạ tầng,基础设施,B2,d.
535,五、交通出行、海关通关、地理与东南亚国家,điện thoại thông,智能手机,B2,
536,十一、核心动词、形容词、连词与高频成语,nổi lên tobe popular/ tobe,兴起,B2,
537,十一、核心动词、形容词、连词与高频成语,đà o tạo,培训,B2,đg.
538,九、金融理财、股市交易与外汇结算,ứng dụng,应用,B2,d.
539,三、人称代词、家庭亲属与职场社交,nguồn nhân lực hu,人力资源,B2,
540,八、商务经贸、合同条款与物流生产,sự kết hợp,结合 ( 名 词 ),B2,
541,八、商务经贸、合同条款与物流生产,giao tiếp,交际,未标注,d
542,十一、核心动词、形容词、连词与高频成语,lâu,久,未标注,t.
543,十一、核心动词、形容词、连词与高频成语,dẫn,带,未标注,đg.
544,六、购物百货、服装尺码、颜色与售后,hàng,货,未标注,d.
545,三、人称代词、家庭亲属与职场社交,người Việt N,越南人,未标注,
546,五、交通出行、海关通关、地理与东南亚国家,những tình huống,这些情景,未标注,
547,十一、核心动词、形容词、连词与高频成语,mong rằng,希望,未标注,
548,十二、常用口语短句（高频）,bị làm sao,怎么了,未标注,
549,五、交通出行、海关通关、地理与东南亚国家,tì m được,找到,未标注,
550,八、商务经贸、合同条款与物流生产,mục đí ch,目的,未标注,đg.
551,十一、核心动词、形容词、连词与高频成语,vui chơi,玩乐,未标注,đg.
552,十一、核心动词、形容词、连词与高频成语,giải tr í,娱乐,未标注,đg.
553,六、购物百货、服装尺码、颜色与售后,thể chất,体质,未标注,d.
554,十、医疗健康、人体疾病与紧急求助,camera,摄像头,未标注,d.
555,十一、核心动词、形容词、连词与高频成语,giám sát,监控,未标注,đg.
556,十一、核心动词、形容词、连词与高频成语,nhắc nhở,提醒,未标注,đg.
557,五、交通出行、海关通关、地理与东南亚国家,sự phát triển,发展,未标注,
558,十一、核心动词、形容词、连词与高频成语,những ảnh hưởng,影响,未标注,
559,十一、核心动词、形容词、连词与高频成语,nạn miệt thị ngoại hình,身体羞辱,未标注,
560,十一、核心动词、形容词、连词与高频成语,vấn nạn,严重的问题,未标注,
561,二、时间、日期、月份与周期,trưởng thành,成年,A1-B1,đg.
562,八、商务经贸、合同条款与物流生产,chế biến,加工,A1-B1,đg.
563,三、人称代词、家庭亲属与职场社交,ông Lâm,林先生,A1-B1,
564,三、人称代词、家庭亲属与职场社交,bà Huệ Ms. Hue,惠女士,A1-B1,
565,七、酒店住宿、房屋租赁与日常家务,khu chung cư apartment complex,公寓,A1-B1,
566,三、人称代词、家庭亲属与职场社交,người c,女儿,A1-B1,
567,十二、常用口语短句（高频）,những người con của họ,他们的孩子,A1-B1,
568,七、酒店住宿、房屋租赁与日常家务,lập gia đình,成 家 / 结 婚,A1-B1,
569,十一、核心动词、形容词、连词与高频成语,các c,孩子们,A1-B1,
570,八、商务经贸、合同条款与物流生产,những nguyên liệu,原料,A1-B1,
571,十一、核心动词、形容词、连词与高频成语,thay vì instead,(而),A1-B1,
572,四、餐饮美食、水果特产与生活调料,thực phẩm chế biến sẵn,熟菜,A1-B1,
573,三、人称代词、家庭亲属与职场社交,tự tay,亲手,A1-B1,
574,四、餐饮美食、水果特产与生活调料,tươi ng,新鲜,A1-B1,
575,七、酒店住宿、房屋租赁与日常家务,cả nh à,全家,A1-B1,
576,二、时间、日期、月份与周期,đồ dùng hàng ngày,日常用品,A1-B1,
577,八、商务经贸、合同条款与物流生产,thư kí,秘书,A1-B1,d.
578,十一、核心动词、形容词、连词与高频成语,theo đuổi,追求,A1-B1,đg.
579,五、交通出行、海关通关、地理与东南亚国家,nhắc,提到,A1-B1,đg.
580,三、人称代词、家庭亲属与职场社交,con gái đầu lòng,大女儿,A1-B1,
581,三、人称代词、家庭亲属与职场社交,gia đình ông Lâm,林先生家,A1-B1,
582,八、商务经贸、合同条款与物流生产,đi công tác,出差,A1-B1,
583,一、数字、量词与度量衡,ngoài ba mươi,三十多,A1-B1,
584,一、数字、量词与度量衡,nhiều lần,多,A1-B1,
585,七、酒店住宿、房屋租赁与日常家务,tính đến chuyện gia đình,考虑成家之事,A1-B1,
586,三、人称代词、家庭亲属与职场社交,chàng trai,小伙子 /男人,A1-B1,
587,九、金融理财、股市交易与外汇结算,chuyện kết hôn,结婚之事,A1-B1,
588,十一、核心动词、形容词、连词与高频成语,nói rằng,说,A1-B1,
589,八、商务经贸、合同条款与物流生产,tiến sĩ,博士,A1-B1,d.
590,十一、核心动词、形容词、连词与高频成语,học hà nh,学习,A1-B1,đg.
591,三、人称代词、家庭亲属与职场社交,ý trung nhân,喜欢的人 / 意中人,A1-B1,d.
592,十一、核心动词、形容词、连词与高频成语,con trai thứ,次子,A1-B1,
593,六、购物百货、服装尺码、颜色与售后,bệnh viện Bạch,白梅医院,A1-B1,
594,一、数字、量词与度量衡,không mấy khi not,很少,A1-B1,
595,二、时间、日期、月份与周期,một tuần,一周,A1-B1,
596,二、时间、日期、月份与周期,đế n giờ,到现在,A1-B1,
597,七、酒店住宿、房屋租赁与日常家务,vẫn chưa,还没,A1-B1,
598,五、交通出行、海关通关、地理与东南亚国家,tì m được found,找到,A1-B1,
599,十一、核心动词、形容词、连词与高频成语,ước mơ,梦想,A1-B1,d.
600,十一、核心动词、形容词、连词与高频成语,bởi vậy,因此/所以,A1-B1,k.
601,十一、核心动词、形容词、连词与高频成语,con tra i út,幼子,A1-B1,
602,六、购物百货、服装尺码、颜色与售后,sinh viên năm thứ ba,大三,A1-B1,
603,六、购物百货、服装尺码、颜色与售后,trường Đại học Sân khấu Điện ảnh,戏剧电影大学,A1-B1,
604,十一、核心动词、形容词、连词与高频成语,cao hơn,比……更,A1-B1,
605,十一、核心动词、形容词、连词与高频成语,đi đóng phim,演戏,A1-B1,
606,十一、核心动词、形容词、连词与高频成语,đi làm thêm,兼职,A1-B1,
607,八、商务经贸、合同条款与物流生产,hãng phim,制片厂,A1-B1,
608,五、交通出行、海关通关、地理与东南亚国家,nghề diễn,演员行业,A1-B1,
609,十一、核心动词、形容词、连词与高频成语,tinh thần,精神,A1-B1,d.
610,二、时间、日期、月份与周期,những ngày cuối tuần,周末,A1-B1,
611,三、人称代词、家庭亲属与职场社交,cả nhà ông Lâm,林先生全家,A1-B1,
612,十一、核心动词、形容词、连词与高频成语,nơi đây,这里,A1-B1,
613,十一、核心动词、形容词、连词与高频成语,gàip cho,帮助,A1-B1,
614,十一、核心动词、形容词、连词与高频成语,vdi nhau,相互,A1-B1,
615,五、交通出行、海关通关、地理与东南亚国家,not i,地方,A1-B1,d.
616,十一、核心动词、形容词、连词与高频成语,ké hoạch,计划,A1-B1,d.
617,十一、核心动词、形容词、连词与高频成语,Mũi Né,美奈,A1-B1,d.
618,五、交通出行、海关通关、地理与东南亚国家,tà u hỏa,火车,A1-B1,d.
619,十一、核心动词、形容词、连词与高频成语,tuy,虽然,A1-B1,k.
620,五、交通出行、海关通关、地理与东南亚国家,từ... đến,从 ... 到,A1-B1,
621,二、时间、日期、月份与周期,dip hè,夏天,A1-B1,
622,五、交通出行、海关通关、地理与东南亚国家,ra nước ngoài,出国,A1-B1,
623,五、交通出行、海关通关、地理与东南亚国家,trong nước inbound tourism,国内,A1-B1,
624,十一、核心动词、形容词、连词与高频成语,đỡ mệt,缓解疲劳,A1-B1,
625,二、时间、日期、月份与周期,đã từng,曾经,A1-B1,
626,五、交通出行、海关通关、地理与东南亚国家,đi biển,去海边,A1-B1,
627,八、商务经贸、合同条款与物流生产,công nhận,公认,A1-B1,đg.
628,八、商务经贸、合同条款与物流生产,di sản,遗产,A1-B1,d.
629,十一、核心动词、形容词、连词与高频成语,đé n thờ,寺庙,A1-B1,d.
630,八、商务经贸、合同条款与物流生产,gợi ý,建议,A1-B1,đg.
631,十一、核心动词、形容词、连词与高频成语,độc giả,读者,A1-B1,d.
632,十一、核心动词、形容词、连词与高频成语,gh é thăm,访问,A1-B1,đg.
633,十一、核心动词、形容词、连词与高频成语,UNESCOUNESCO,教科文组织,A1-B1,
634,三、人称代词、家庭亲属与职场社交,công viên hoang dã Sa,野生公园,A1-B1,
635,五、交通出行、海关通关、地理与东南亚国家,kỳ qu,自然奇观,A1-B1,
636,十一、核心动词、形容词、连词与高频成语,mới đây,最近,A1-B1,
637,八、商务经贸、合同条款与物流生产,chọn ra,选出,A1-B1,
638,五、交通出行、海关通关、地理与东南亚国家,Vinh Ha Long Ha,下龙湾,A1-B1,
639,五、交通出行、海关通关、地理与东南亚国家,Phố cổ Hội An Hoian,会安古街,A1-B1,
640,五、交通出行、海关通关、地理与东南亚国家,Vườn quốc gi,格邦国家 公园,A1-B1,
641,七、酒店住宿、房屋租赁与日常家务,được lọt vào danh sách,被列入名单,A1-B1,
642,十一、核心动词、形容词、连词与高频成语,quần thể,群体,A1-B1,d.
643,五、交通出行、海关通关、地理与东南亚国家,kỳ quan,奇观,A1-B1,d.
644,八、商务经贸、合同条款与物流生产,quy mô,规模,A1-B1,d.
645,五、交通出行、海关通关、地理与东南亚国家,đá ng kể,显著地,A1-B1,t.
646,十一、核心动词、形容词、连词与高频成语,mã ng đá,石笋,A1-B1,d.
647,十一、核心动词、形容词、连词与高频成语,nh ũđ á,钟乳石,A1-B1,d.
648,十一、核心动词、形容词、连词与高频成语,trang trại,农庄,A1-B1,d.
649,一、数字、量词与度量衡,đứng đầu on,排名第一,A1-B1,
650,五、交通出行、海关通关、地理与东南亚国家,tinh Quảng Ninh Quang Ninh province,广宁省,A1-B1,
651,五、交通出行、海关通关、地理与东南亚国家,nú iđ á vôi limestone mountains,石灰岩山,A1-B1,
652,六、购物百货、服装尺码、颜色与售后,lớn nhỏ large,大小,A1-B1,
653,一、数字、量词与度量衡,lần đầu tiên,第一次,A1-B1,
654,十一、核心动词、形容词、连词与高频成语,chođến nay,至今,A1-B1,
655,一、数字、量词与度量衡,gần như n,几乎,A1-B1,
656,五、交通出行、海关通关、地理与东南亚国家,lượng khách,游客量,A1-B1,
657,五、交通出行、海关通关、地理与东南亚国家,chè o thuyền,划船,A1-B1,
658,二、时间、日期、月份与周期,động T,天宫洞,A1-B1,
659,五、交通出行、海关通关、地理与东南亚国家,bãi biển be,海滩,A1-B1,
660,五、交通出行、海关通关、地理与东南亚国家,ngoài khơi xa far,远海,A1-B1,
661,三、人称代词、家庭亲属与职场社交,trang trại nuôi hàu oyster,生蚝养殖场,A1-B1,
662,二、时间、日期、月份与周期,ngày nay,现在,A1-B1,d.
663,九、金融理财、股市交易与外汇结算,hiện diện,存在,A1-B1,đg.
664,四、餐饮美食、水果特产与生活调料,hội quán,会馆,A1-B1,d.
665,五、交通出行、海关通关、地理与东南亚国家,khu phố,街区,A1-B1,d.
666,五、交通出行、海关通关、地理与东南亚国家,được nhắc tới,被提到,A1-B1,
667,八、商务经贸、合同条款与物流生产,di sản vă n hó,世界文化遗产,A1-B1,
668,五、交通出行、海关通关、地理与东南亚国家,thị trấn cảng harb,港口小镇,A1-B1,
669,五、交通出行、海关通关、地理与东南亚国家,khắp châu Á,亚洲各地,A1-B1,
670,七、酒店住宿、房屋租赁与日常家务,vẫn còn,还 /仍然,A1-B1,
671,二、时间、日期、月份与周期,từng là,曾经,A1-B1,
672,三、人称代词、家庭亲属与职场社交,người Hoa,华人,A1-B1,
673,十一、核心动词、形容词、连词与高频成语,điểm nổi bật,亮点,A1-B1,
674,五、交通出行、海关通关、地理与东南亚国家,thắp sáng,照亮,A1-B1,
675,二、时间、日期、月份与周期,về đê m,夜晚,A1-B1,
676,八、商务经贸、合同条款与物流生产,vin h danh,公认,A1-B1,đg.
677,六、购物百货、服装尺码、颜色与售后,ti êu ch í,标准,A1-B1,d.
678,五、交通出行、海关通关、地理与东南亚国家,địa chất,地质,A1-B1,d.
679,五、交通出行、海关通关、地理与东南亚国家,địa mạo,地貌,A1-B1,d.
680,五、交通出行、海关通关、地理与东南亚国家,dựa theo,按照,A1-B1,
681,七、酒店住宿、房屋租赁与日常家务,được công nhận,被公认,A1-B1,
682,十一、核心动词、形容词、连词与高频成语,mô tả,描写/描述,A1-B1,đg.
683,十一、核心动词、形容词、连词与高频成语,mạch máu,命脉,A1-B1,d.
684,十一、核心动词、形容词、连词与高频成语,kỳ diệu,奇妙/神奇,A1-B1,t.
685,一、数字、量词与度量衡,ki lô mé t,公里,A1-B1,km
686,五、交通出行、海关通关、地理与东南亚国家,nh ét,塞,A1-B1,đg.
687,十一、核心动词、形容词、连词与高频成语,tuyệt đẹp magn,绝美,A1-B1,
688,十一、核心动词、形容词、连词与高频成语,hang Sơ n Đoòng S,韩松洞,A1-B1,
689,五、交通出行、海关通关、地理与东南亚国家,dòng sông ngầm,地下河流,A1-B1,
690,五、交通出行、海关通关、地理与东南亚国家,môi trường sống,栖息地,A1-B1,
691,五、交通出行、海关通关、地理与东南亚国家,dưới lò ng đất,地下,A1-B1,
692,一、数字、量词与度量衡,lớn đến mức,（程度）,A1-B1,
693,五、交通出行、海关通关、地理与东南亚国家,đón khách du lịch,接待旅客,A1-B1,
694,五、交通出行、海关通关、地理与东南亚国家,cảnh quan,景观,A1-B1,d.
695,十一、核心动词、形容词、连词与高频成语,chịu ảnh hưởng ...,受 … 影响,A1-B1,
696,二、时间、日期、月份与周期,vă n hó,日本文化,A1-B1,
697,十一、核心动词、形容词、连词与高频成语,vũ trụ,宇宙 2/3/2 D TESTS FOR VIETNAMESE PROFICIENCY,A1-B1,d.
698,九、金融理财、股市交易与外汇结算,ti êu,花费,A1-B1,đg.
699,十一、核心动词、形容词、连词与高频成语,phổ biến,普遍,A1-B1,t.
700,八、商务经贸、合同条款与物流生产,sự trải nghiệm,体验,A1-B1,
701,五、交通出行、海关通关、地理与东南亚国家,phi hành gia,飞行员,A1-B1,d.
702,十一、核心动词、形容词、连词与高频成语,dành cho,给,A1-B1,
703,三、人称代词、家庭亲属与职场社交,tất cả mọi người,所有人,A1-B1,
704,二、时间、日期、月份与周期,tháng Giêng,元月,未标注,d.
705,十一、核心动词、形容词、连词与高频成语,hoa mai,梅花,未标注,d.
706,二、时间、日期、月份与周期,tháng Chạp,腊月,未标注,d.
707,十一、核心动词、形容词、连词与高频成语,nu,花蕾,未标注,d.
708,十一、核心动词、形容词、连词与高频成语,lộc,嫩芽,未标注,d.
709,三、人称代词、家庭亲属与职场社交,gia chủ,主人,未标注,d.
710,十一、核心动词、形容词、连词与高频成语,hoa đà o,桃花,未标注,d.
711,十一、核心动词、形容词、连词与高频成语,được chơi,能,未标注,
712,二、时间、日期、月份与周期,chơi tết,过年,未标注,
713,十一、核心动词、形容词、连词与高频成语,mù ng 10,初十,未标注,
714,十一、核心动词、形容词、连词与高频成语,lá non,嫩叶,未标注,
715,十一、核心动词、形容词、连词与高频成语,đem đến,带来,未标注,
716,五、交通出行、海关通关、地理与东南亚国家,tươi vui,快乐,未标注,
717,二、时间、日期、月份与周期,những ngày đầu năm mới,新年的头几天,未标注,
718,三、人称代词、家庭亲属与职场社交,mưu sinh,谋生,未标注,đg.
719,十一、核心动词、形容词、连词与高频成语,biến cố,变故,未标注,d.
720,十一、核心动词、形容词、连词与高频成语,cảm nhận,感受,未标注,đg.
721,十一、核心动词、形容词、连词与高频成语,ấy,那,未标注,đ.
722,七、酒店住宿、房屋租赁与日常家务,bộ phim,（部）电影,未标注,
723,三、人称代词、家庭亲属与职场社交,người dân lao động nghèo,贫困劳动人民,未标注,
724,四、餐饮美食、水果特产与生活调料,đối mặt với,面对,未标注,
725,十一、核心动词、形容词、连词与高频成语,vẫn luôn still,一直,未标注,
726,九、金融理财、股市交易与外汇结算,tình yêu thương,感情/爱,未标注,
727,五、交通出行、海关通关、地理与东南亚国家,nói lên,表达,未标注,
728,八、商务经贸、合同条款与物流生产,bất chấp,不管,未标注,đg.
729,一、数字、量词与度量衡,đa chiều,多边,未标注,t.
730,八、商务经贸、合同条款与物流生产,xã hội số digital,数字社会,未标注,
731,十一、核心动词、形容词、连词与高频成语,hãy cho biết,请说说,未标注,
732,十一、核心动词、形容词、连词与高频成语,những tác động,影响,未标注,
733,十一、核心动词、形容词、连词与高频成语,rộng rãi,宽敞,A1,t.
734,十一、核心动词、形容词、连词与高频成语,ngôi trường,学校,A1,
735,五、交通出行、海关通关、地理与东南亚国家,trường quốc tế,国际学校,A1,
736,三、人称代词、家庭亲属与职场社交,bà cô ấy,她的奶奶/外婆,A1,
737,三、人称代词、家庭亲属与职场社交,chị Hoài,怀姐,A1,
738,十一、核心动词、形容词、连词与高频成语,hơn cả more than,最,A1,
739,十一、核心动词、形容词、连词与高频成语,thích …… nhất … like… t,最喜欢,A1,
740,二、时间、日期、月份与周期,cả tuần,整周,A1,
741,十一、核心动词、形容词、连词与高频成语,nghỉ học,请假,A1,
742,十二、常用口语短句（高频）,nên... không,应该 … 吗?,A1,
743,十一、核心动词、形容词、连词与高频成语,không... đâu,不 …,A1,
744,十一、核心动词、形容词、连词与高频成语,không nên,不应该,A1,
745,十一、核心动词、形容词、连词与高频成语,ôn tập,复习,A2,đg.
746,十一、核心动词、形容词、连词与高频成语,ngữ ph áp,语法,A2,đg.
747,六、购物百货、服装尺码、颜色与售后,đề thi,试题,A2,d.
748,十一、核心动词、形容词、连词与高频成语,làm bài,做题,A2,
749,十一、核心动词、形容词、连词与高频成语,khó quá,太难,A2,
750,十一、核心动词、形容词、连词与高频成语,được đi học,能上学,A2,
751,十一、核心动词、形容词、连词与高频成语,có ……đâu donot,不…,A2,
752,十一、核心动词、形容词、连词与高频成语,điều gì wh,什么,A2,
753,四、餐饮美食、水果特产与生活调料,rượu,酒,A2,d.
754,三、人称代词、家庭亲属与职场社交,bạ nb è,朋友,A2,d.
755,十一、核心动词、形容词、连词与高频成语,tỉnh táo,惊醒,A2,t.
756,十一、核心动词、形容词、连词与高频成语,nghĩ là,认为,A2,
757,十一、核心动词、形容词、连词与高频成语,bị đi ê,疯了,A2,
758,四、餐饮美食、水果特产与生活调料,say rượu drunk,醉酒,A2,
759,十一、核心动词、形容词、连词与高频成语,tư thế,姿势,A2,d.
760,十一、核心动词、形容词、连词与高频成语,đốt cháy,燃烧,A2,
761,四、餐饮美食、水果特产与生活调料,cơ bắp,肌肉,A2,d.
762,九、金融理财、股市交易与外汇结算,să n chắc,结实,A2,t.
763,十一、核心动词、形容词、连词与高频成语,tí ch cực,积极,A2,t.
764,四、餐饮美食、水果特产与生活调料,sau đây,下面,A2,
765,二、时间、日期、月份与周期,khi ngồi,做 的 时 候,A2,
766,五、交通出行、海关通关、地理与东南亚国家,đứng thẳng,站立,A2,
767,十一、核心动词、形容词、连词与高频成语,nh ìn,看,B1,đg.
768,六、购物百货、服装尺码、颜色与售后,anh chàng,小伙子,B1,
769,四、餐饮美食、水果特产与生活调料,phàm ă,胡吃海喝,B1,
770,十、医疗健康、人体疾病与紧急求助,ngẩng mặt,抬头,B1,
771,十一、核心动词、形容词、连词与高频成语,ngồi vào mâm,坐上桌,B1,
772,四、餐饮美食、水果特产与生活调料,đi ăn cỗ,去吃酒席,B1,
773,三、人称代词、家庭亲属与职场社交,nhà bạn,朋友家,B1,
774,七、酒店住宿、房屋租赁与日常家务,nh à cửa,房子,B1,d.
775,十一、核心动词、形容词、连词与高频成语,những vấ n đề,问题,B1,
776,二、时间、日期、月份与周期,tên tuổi,名字和年龄,B1,
777,十、医疗健康、人体疾病与紧急求助,sức khỏe củ,谁的健康,B1,
778,六、购物百货、服装尺码、颜色与售后,sau đây after,之后/之后,B1,
779,三、人称代词、家庭亲属与职场社交,anh trai Ngọc Ngoc' s brother,啊玉的哥哥,B1,
780,七、酒店住宿、房屋租赁与日常家务,xuất viện,出院,B1,
781,七、酒店住宿、房屋租赁与日常家务,nhập viện,住院,B1,
782,十一、核心动词、形容词、连词与高频成语,đến thăm,来看望,B1,
783,五、交通出行、海关通关、地理与东南亚国家,hướng dẫn,引导/指引,B1,đg.
784,四、餐饮美食、水果特产与生活调料,cà ph ê,咖啡,B1,d.
785,十一、核心动词、形容词、连词与高频成语,báocáo,报告,B1,d.
786,十一、核心动词、形容词、连词与高频成语,làm báo cáo,写报告,B1,
787,十一、核心动词、形容词、连词与高频成语,x ác định,确定,B1,đg.
788,八、商务经贸、合同条款与物流生产,mẹo,技巧/妙招,B1,d.
789,四、餐饮美食、水果特产与生活调料,được ăn able,可以吃,B1,
790,八、商务经贸、合同条款与物流生产,biết làm,会做,B1,
791,五、交通出行、海关通关、地理与东南亚国家,lệch lạc,误导性,B1,t.
792,六、购物百货、服装尺码、颜色与售后,tiền của,金钱,B1,d.
793,九、金融理财、股市交易与外汇结算,sự lãng phí,浪费,B1,
794,十一、核心动词、形容词、连词与高频成语,biến tướng,扭曲,B1,
795,十一、核心动词、形容词、连词与高频成语,hoạt động vă n hó,祭祀文化活动,B1,
796,三、人称代词、家庭亲属与职场社交,người đi lễ chùa,去拜寺庙的人们,B1,
797,六、购物百货、服装尺码、颜色与售后,tâm lý đá,大众心理,B1,
798,三、人称代词、家庭亲属与职场社交,cuộc sống vật chất material/ physical l,物质生活,B1,
799,十一、核心动词、形容词、连词与高频成语,gi áo lý,教义,B1,d.
800,十一、核心动词、形容词、连词与高频成语,đề cao,提高,B1,đg.
801,十二、常用口语短句（高频）,để có những hành động,为了做出行为,B1,
802,十一、核心动词、形容词、连词与高频成语,nhà Phật Budd,佛教,B1,
803,五、交通出行、海关通关、地理与东南亚国家,đi lễ chùa,去拜寺庙,B1,
804,七、酒店住宿、房屋租赁与日常家务,hiểu đúng,正确理解,B1,
805,十一、核心动词、形容词、连词与高频成语,hoạt động tâm,祭祀文化活动,B1,
806,十一、核心动词、形容词、连词与高频成语,làm theo,因……而做,B1,
807,十、医疗健康、人体疾病与紧急求助,sang chấn,创伤,B2,d.
808,三、人称代词、家庭亲属与职场社交,cá nhân,个人,B2,d.
809,十一、核心动词、形容词、连词与高频成语,thừa hưởng,遗传,B2,đg.
810,十一、核心动词、形容词、连词与高频成语,bắt nguồn,来源,B2,đg.
811,十、医疗健康、人体疾病与紧急求助,trầm cảm,抑郁症,B2,d.
812,十一、核心动词、形容词、连词与高频成语,di truyền,遗传,B2,đg.
813,十二、常用口语短句（高频）,nỗi đau này không thuộc về bạn,这个伤痛不属于你,B2,
814,八、商务经贸、合同条款与物流生产,tên sách,书名,B2,
815,七、酒店住宿、房屋租赁与日常家务,tổn thương tâm lý,心理创伤,B2,
816,十一、核心动词、形容词、连词与高频成语,Google,谷歌,B2,d.
817,一、数字、量词与度量衡,quý,季度,B2,d.
818,一、数字、量词与度量衡,thứ IV f,第四,B2,
819,八、商务经贸、合同条款与物流生产,kỹ thuật số,数字技术,B2,
820,六、购物百货、服装尺码、颜色与售后,dịch vụ đá,云服务,B2,
821,十一、核心动词、形容词、连词与高频成语,có nghĩa là,意思是,B2,
822,九、金融理财、股市交易与外汇结算,mức lãi,利润率,B2,
823,九、金融理财、股市交易与外汇结算,mức lỗ,亏损率,B2,
824,七、酒店住宿、房屋租赁与日常家务,nền tảng,平台,B2,d.
825,十一、核心动词、形容词、连词与高频成语,quyền lực mềm,软权力,B2,
826,四、餐饮美食、水果特产与生活调料,"5F 5F: Food, Film, Fas",五个包括饮食，电影，武术，庙会,B2,
827,五、交通出行、海关通关、地理与东南亚国家,được nhắc đến,被提到,B2,
828,八、商务经贸、合同条款与物流生产,võ cổ truyền,传统武术,B2,
829,十一、核心动词、形容词、连词与高频成语,massage Thái Thail,泰式按摩,B2,
830,五、交通出行、海关通关、地理与东南亚国家,lụa Thái Thail,泰国丝绸,B2,
831,三、人称代词、家庭亲属与职场社交,đền chùa cổ kính quaint,古老寺庙,B2,
832,五、交通出行、海关通关、地理与东南亚国家,Trung Đông,中东,B2,d.
833,六、购物百货、服装尺码、颜色与售后,Trung Á,中亚,B2,d.
834,五、交通出行、海关通关、地理与东南亚国家,Visa,签证,B2,d.
835,十一、核心动词、形容词、连词与高频成语,linh hoạt,灵活,B2,t.
836,二、时间、日期、月份与周期,thời gi,飞行时长,B2,
837,五、交通出行、海关通关、地理与东南亚国家,được miễn thị thực,免签,B2,
838,十一、核心动词、形容词、连词与高频成语,bình chọn,评选,B2,đg.
839,五、交通出行、海关通关、地理与东南亚国家,kênh truyền hình,电视频道,B2,
840,五、交通出行、海关通关、地理与东南亚国家,CNN CNN,有线电视新闻网,B2,
841,五、交通出行、海关通关、地理与东南亚国家,Tripadvisor,( 全球旅游网站 ),B2,d.
842,十一、核心动词、形容词、连词与高频成语,Telegraph,( 报刊名称 ),B2,d.
843,一、数字、量词与度量衡,Michel,米其林指南,B2,
844,一、数字、量词与度量衡,được gắn sao Michelin Guide,被贴标米其林指南,B2,
845,七、酒店住宿、房屋租赁与日常家务,được thế giới vinh danh,被世界推崇,B2,
846,十一、核心动词、形容词、连词与高频成语,hình thành,形成,未标注,đg.
847,十一、核心动词、形容词、连词与高频成语,các hoạt động,各类活动,未标注,
848,十一、核心动词、形容词、连词与高频成语,bức tranh,画,未标注,d.
849,八、商务经贸、合同条款与物流生产,gọi tên,说 出 …… 名 称,未标注,
850,五、交通出行、海关通关、地理与东南亚国家,được thực hiện,被进行,未标注,
851,十一、核心动词、形容词、连词与高频成语,cần làm gì,要做什么,未标注,
852,十一、核心动词、形容词、连词与高频成语,một thó i quen lành mạnh,好习惯,未标注,
853,八、商务经贸、合同条款与物流生产,lập nghiệp,创业,未标注,đg.
854,十一、核心动词、形容词、连词与高频成语,mong muốn,希望,未标注,d.
855,十一、核心动词、形容词、连词与高频成语,tại đây,在这,未标注,
856,三、人称代词、家庭亲属与职场社交,người ấy,那个人,未标注,
857,十一、核心动词、形容词、连词与高频成语,như sau,如下,未标注,
858,三、人称代词、家庭亲属与职场社交,cùng mình,和我,未标注,
859,十一、核心动词、形容词、连词与高频成语,câu thành ngữ,成语,未标注,
860,五、交通出行、海关通关、地理与东南亚国家,xa mặt cách lòng,隔河千里远,未标注,
861,七、酒店住宿、房屋租赁与日常家务,ký tú cx á,宿舍,A1-B1,d.
862,七、酒店住宿、房屋租赁与日常家务,thu ê,租,A1-B1,đg.
863,七、酒店住宿、房屋租赁与日常家务,că n hộ,公寓,A1-B1,d.
864,十一、核心动词、形容词、连词与高频成语,thời gian đầu,起初,A1-B1,
865,六、购物百货、服装尺码、颜色与售后,trường đạ,大学,A1-B1,
866,十一、核心动词、形容词、连词与高频成语,việc đi học attendance,上学,A1-B1,
867,七、酒店住宿、房屋租赁与日常家务,to à nh à,（ 一 栋 ）楼,A1-B1,d.
868,七、酒店住宿、房屋租赁与日常家务,cánh cửa chính ma,正门,A1-B1,
869,八、商务经贸、合同条款与物流生产,nhìn thấy,看见,A1-B1,
870,七、酒店住宿、房屋租赁与日常家务,căn bếp,厨房,A1-B1,
871,十一、核心动词、形容词、连词与高频成语,bên tay phải on,右边,A1-B1,
872,十一、核心动词、形容词、连词与高频成语,bên tay trái on,左边,A1-B1,
873,十一、核心动词、形容词、连词与高频成语,kê,摆,A1-B1,đg.
874,十一、核心动词、形容词、连词与高频成语,bình hoa,花瓶,A1-B1,d.
875,十一、核心动词、形容词、连词与高频成语,xinh xinh,漂漂亮亮的,A1-B1,t.
876,六、购物百货、服装尺码、颜色与售后,cá c đồ vật t,各类物品,A1-B1,
877,五、交通出行、海关通关、地理与东南亚国家,bước vào,走进,A1-B1,
878,十一、核心动词、形容词、连词与高频成语,tấm thảm,毯子,A1-B1,
879,十一、核心动词、形容词、连词与高频成语,bộ bàn ghế,桌椅,A1-B1,
880,一、数字、量词与度量衡,gần hết n,几乎所有,A1-B1,
881,十一、核心动词、形容词、连词与高频成语,phía bên phải on,右边,A1-B1,
882,五、交通出行、海关通关、地理与东南亚国家,dẫn thẳng,直通,A1-B1,
883,四、餐饮美食、水果特产与生活调料,bộ ấm chén te,茶具,A1-B1,
884,十一、核心动词、形容词、连词与高频成语,góc tường,墙角,A1-B1,
885,六、购物百货、服装尺码、颜色与售后,tủgỗ c,木柜,A1-B1,
886,六、购物百货、服装尺码、颜色与售后,đồ vật,装饰品,A1-B1,
887,七、酒店住宿、房屋租赁与日常家务,gọ ng à ng,整齐,A1-B1,t.
888,十一、核心动词、形容词、连词与高频成语,xếp,摆放,A1-B1,đg.
889,十一、核心动词、形容词、连词与高频成语,ngăn kéo,抽屉,A1-B1,d.
890,七、酒店住宿、房屋租赁与日常家务,ng ăn nắp,整齐,A1-B1,t.
891,八、商务经贸、合同条款与物流生产,càng,更 / 更加,A1-B1,p.
892,十一、核心动词、形容词、连词与高频成语,làm cho,让,A1-B1,
893,三、人称代词、家庭亲属与职场社交,riêng biệt,独立 / 个人,A1-B1,t.
894,八、商务经贸、合同条款与物流生产,trang trí,装饰 /设计,A1-B1,đg.
895,七、酒店住宿、房屋租赁与日常家务,đồ đạc,家具,A1-B1,d.
896,十一、核心动词、形容词、连词与高频成语,nằm sát,靠近,A1-B1,
897,五、交通出行、海关通关、地理与东南亚国家,mà u chủđạo ma,主导颜色,A1-B1,
898,二、时间、日期、月份与周期,mỗi ngày,每天,A1-B1,
899,十一、核心动词、形容词、连词与高频成语,bà iđọc,课文,A1-B1,d.
900,十一、核心动词、形容词、连词与高频成语,mi êu tả,描写,A1-B1,đg.
901,十一、核心动词、形容词、连词与高频成语,ngày xưa,很久以前,A1-B1,d.
902,十一、核心动词、形容词、连词与高频成语,mào,鸡冠,A1-B1,d.
903,五、交通出行、海关通关、地理与东南亚国家,sung sướng,快乐,A1-B1,t.
904,十一、核心动词、形容词、连词与高频成语,rực rỡ,灿烂,A1-B1,t.
905,六、购物百货、服装尺码、颜色与售后,đỏ rực,火红,A1-B1,t.
906,三、人称代词、家庭亲属与职场社交,cô gà má i,( 一 只 ) 母 鸡,A1-B1,
907,十一、核心动词、形容词、连词与高频成语,cái mào,鸡冠,A1-B1,
908,八、商务经贸、合同条款与物流生产,chú gà trống,( 一 只 ) 公 鸡,A1-B1,
909,八、商务经贸、合同条款与物流生产,gà trống,公鸡,A1-B1,
910,二、时间、日期、月份与周期,một buổi sáng sớm,一个早晨,A1-B1,
911,十一、核心动词、形容词、连词与高频成语,gà Má i Mơ,草鸡,A1-B1,
912,五、交通出行、海关通关、地理与东南亚国家,soi mình,照自己,A1-B1,
913,四、餐饮美食、水果特产与生活调料,vũ ng nước,一汪水,A1-B1,d.
914,十、医疗健康、人体疾病与紧急求助,đỉnh đầu,头顶,A1-B1,
915,十一、核心动词、形容词、连词与高频成语,của mình,自己的,A1-B1,
916,十一、核心动词、形容词、连词与高频成语,một chùm hoa,一株花,A1-B1,
917,十一、核心动词、形容词、连词与高频成语,xuýt xoa,啧啧,A1-B1,đg.
918,十一、核心动词、形容词、连词与高频成语,xinh xán,美丽,A1-B1,t.
919,八、商务经贸、合同条款与物流生产,đ áng yê u,可爱,A1-B1,t.
920,十一、核心动词、形容词、连词与高频成语,kiếm,寻找,A1-B1,đg.
921,十一、核心动词、形容词、连词与高频成语,chớp chớp,眨眨,A1-B1,đg.
922,十一、核心动词、形容词、连词与高频成语,bỗng,忽然,A1-B1,p.
923,十一、核心动词、形容词、连词与高频成语,bối rối,为难,A1-B1,t.
924,六、购物百货、服装尺码、颜色与售后,mọi vật,万物,A1-B1,
925,五、交通出行、海关通关、地理与东南亚国家,quay qua,转头,A1-B1,
926,一、数字、量词与度量衡,t.+làm sao,多么 …,A1-B1,
927,十一、核心动词、形容词、连词与高频成语,đi tung tăng,翩跹,A1-B1,
928,四、餐饮美食、水果特产与生活调料,bể nước,水池,A1-B1,
929,十一、核心动词、形容词、连词与高频成语,tiếng khóc ti ti,哭声,A1-B1,
930,十、医疗健康、人体疾病与紧急求助,nghiêng đầu,侧头,A1-B1,
931,十一、核心动词、形容词、连词与高频成语,lắng tai nghe,倾听,A1-B1,
932,八、商务经贸、合同条款与物流生产,thì ra turns out,原来,A1-B1,
933,六、购物百货、服装尺码、颜色与售后,màuđỏtí,紫红,A1-B1,
934,十一、核心动词、形容词、连词与高频成语,tấm tức khóc,委屈的哭,A1-B1,
935,九、金融理财、股市交易与外汇结算,vui sướng happy/ glad,开心,A1-B1,
936,十一、核心动词、形容词、连词与高频成语,vội vàng,匆忙,A1-B1,t.
937,十一、核心动词、形容词、连词与高频成语,sụt sịt,抽泣,A1-B1,đg.
938,十、医疗健康、人体疾病与紧急求助,nước mắt,眼泪,A1-B1,d.
939,十一、核心动词、形容词、连词与高频成语,thánh thót,噗噜噜,A1-B1,t.
940,十一、核心动词、形容词、连词与高频成语,nín,停止哭泣,A1-B1,đg.
941,十一、核心动词、形容词、连词与高频成语,bông hoa,花朵,A1-B1,d.
942,十一、核心动词、形容词、连词与高频成语,đg. + thế,这么…,A1-B1,
943,五、交通出行、海关通关、地理与东南亚国家,tươi tỉnh,欢快,A1-B1,t.
944,五、交通出行、海关通关、地理与东南亚国家,chạy đến,跑到,A1-B1,
945,十一、核心动词、形容词、连词与高频成语,khẽ hỏi,悄悄的问,A1-B1,
946,十二、常用口语短句（高频）,làm sao thế,怎么了,A1-B1,
947,十二、常用口语短句（高频）,làm bạn phiền lò ng,让你难过,A1-B1,
948,十一、核心动词、形容词、连词与高频成语,giọt nước mắt,泪珠,A1-B1,
949,十一、核心动词、形容词、连词与高频成语,hạt sương,露珠,A1-B1,
950,二、时间、日期、月份与周期,quanh đây,周围,A1-B1,
951,十二、常用口语短句（高频）,chỉ mỗi mình tôi,只有我一个人,A1-B1,
952,七、酒店住宿、房屋租赁与日常家务,còn bảo rằng,还说,A1-B1,
953,十一、核心动词、形容词、连词与高频成语,đến … cũng…,连 … 都,A1-B1,
954,十、医疗健康、人体疾病与紧急求助,trên đầu,头上,A1-B1,
955,十一、核心动词、形容词、连词与高频成语,thế mà …,而/ 然而,A1-B1,
956,十一、核心动词、形容词、连词与高频成语,nói dứt câu,刚说完,A1-B1,
957,六、购物百货、服装尺码、颜色与售后,lại bật khóc,嚎啕大哭,A1-B1,
958,十一、核心动词、形容词、连词与高频成语,rơi xuống,落下,A1-B1,
959,三、人称代词、家庭亲属与职场社交,một lúc,一会儿,A1-B1,
960,三、人称代词、家庭亲属与职场社交,đầu t(四)i,我的头,A1-B1,
961,十一、核心动词、形容词、连词与高频成语,hỏi dồn,追问,A1-B1,
962,十一、核心动词、形容词、连词与高频成语,thật ư,是吗,A1-B1,
963,十一、核心动词、形容词、连词与高频成语,thật chứ,真的啊,A1-B1,
964,三、人称代词、家庭亲属与职场社交,còn tôi,而我,A1-B1,
965,五、交通出行、海关通关、地理与东南亚国家,cũng được,也可以 / 也行,A1-B1,
966,十一、核心动词、形容词、连词与高频成语,xin cảm ơn,谢谢,A1-B1,
967,十一、核心动词、形容词、连词与高频成语,đẹp đẽ,美丽,A1-B1,t.
968,十一、核心动词、形容词、连词与高频成语,cò n,而,A1-B1,
969,十一、核心动词、形容词、连词与高频成语,y hệt,一模一样,A1-B1,t.
970,二、时间、日期、月份与周期,sáng hôm sau,第二天早上,A1-B1,
971,五、交通出行、海关通关、地理与东南亚国家,biến đâu mất,哪里去了 / 不见了,A1-B1,
972,十一、核心动词、形容词、连词与高频成语,cái thân cây trunk,树干,A1-B1,
973,十一、核心动词、形容词、连词与高频成语,một chùm,一株花,A1-B1,
974,十一、核心动词、形容词、连词与高频成语,cái cây,树,A1-B1,
975,十一、核心动词、形容词、连词与高频成语,nhuộm,染,A1-B1,đg.
976,十一、核心动词、形容词、连词与高频成语,khe khẽ,轻轻的,A1-B1,t.
977,十一、核心动词、形容词、连词与高频成语,tá m tắc,啧啧,A1-B1,đg.
978,十一、核心动词、形容词、连词与高频成语,khen ngợi,称赞,A1-B1,đg.
979,八、商务经贸、合同条款与物流生产,ch ào đó n,迎接,A1-B1,đg.
980,十一、核心动词、形容词、连词与高频成语,ch úc,祝,A1-B1,đg.
981,十、医疗健康、人体疾病与紧急求助,bụng dạ,心肠,A1-B1,d.
982,十一、核心动词、形容词、连词与高频成语,tuyệt đẹp,绝美,A1-B1,t.
983,六、购物百货、服装尺码、颜色与售后,nho nhỏ,小小的,A1-B1,t.
984,八、商务经贸、合同条款与物流生产,vươn mình str,向上伸展,A1-B1,
985,七、酒店住宿、房屋租赁与日常家务,ánh nắng mặt trời suns,阳光,A1-B1,
986,七、酒店住宿、房屋租赁与日常家务,ánh náng suns,阳光,A1-B1,
987,六、购物百货、服装尺码、颜色与售后,đỏ thắm crim,朱红,A1-B1,
988,十、医疗健康、人体疾病与紧急求助,lòng tốt,好心,A1-B1,
989,十一、核心动词、形容词、连词与高频成语,ai cũng,谁都,A1-B1,
990,十一、核心动词、形容词、连词与高频成语,sinh r,变成,A1-B1,
991,六、购物百货、服装尺码、颜色与售后,viên ngọc quý,珍贵的宝石,A1-B1,
992,二、时间、日期、月份与周期,thế là từ đó,从那时起,A1-B1,
993,十一、核心动词、形容词、连词与高频成语,bông hoa ấy,那朵花,A1-B1,
994,七、酒店住宿、房屋租赁与日常家务,được gọi là,被称为,A1-B1,
995,十、医疗健康、人体疾病与紧急求助,tấm lòng tốt,（一片）好心/善心,A1-B1,
996,四、餐饮美食、水果特产与生活调料,trứng hồng,粉色的蛋,A1-B1,
997,三、人称代词、家庭亲属与职场社交,nhú lên,长出,A1-B1,
998,十一、核心动词、形容词、连词与高频成语,kh óc,哭,A1-B1,đg.
999,六、购物百货、服装尺码、颜色与售后,loài vật,动物,A1-B1,d.
1000,三、人称代词、家庭亲属与职场社交,theo bạn,你认为,A1-B1,
1001,三、人称代词、家庭亲属与职场社交,tì nh bạn,友情,A1-B1,d.
1002,十一、核心动词、形容词、连词与高频成语,chân thành,真诚,A1-B1,t.
1003,十一、核心动词、形容词、连词与高频成语,4 (bốn),四,A1-B1,d.
1004,七、酒店住宿、房屋租赁与日常家务,mái tum,阁楼,A1-B1,d.
1005,十一、核心动词、形容词、连词与高频成语,sum họp,团聚,A1-B1,đg.
1006,十一、核心动词、形容词、连词与高频成语,điền từ,填词,A1-B1,
1007,一、数字、量词与度量衡,mét vuông squ,平方米,A1-B1,
1008,七、酒店住宿、房屋租赁与日常家务,được sơn,被刷 (漆),A1-B1,
1009,六、购物百货、服装尺码、颜色与售后,màu g,浅灰色,A1-B1,
1010,七、酒店住宿、房屋租赁与日常家务,khoảng sân,院子,A1-B1,
1011,六、购物百货、服装尺码、颜色与售后,nhỏ hơn,比 … 小,A1-B1,
1012,二、时间、日期、月份与周期,được chia thành,被分为,A1-B1,
1013,七、酒店住宿、房屋租赁与日常家务,phòng bếp,厨房,A1-B1,
1014,三、人称代词、家庭亲属与职场社交,em trai younger brother,弟弟,A1-B1,
1015,三、人称代词、家庭亲属与职场社交,người Hà Lan,荷兰人,A1,
1016,三、人称代词、家庭亲属与职场社交,người Ba Lan,波兰人,A1,
1017,十一、核心动词、形容词、连词与高频成语,không ... lắm,不太,A1,
1018,十一、核心动词、形容词、连词与高频成语,hết,没了/完了,A1,đg.
1019,八、商务经贸、合同条款与物流生产,ng,听见,A1,
1020,十一、核心动词、形容词、连词与高频成语,tất cả mọi thứ,一切,A1,
1021,五、交通出行、海关通关、地理与东南亚国家,nghe được,能听到,A1,
1022,八、商务经贸、合同条款与物流生产,kỹ năng,技能,A2,d.
1023,二、时间、日期、月份与周期,thứ ngày,星期,A2,d.
1024,八、商务经贸、合同条款与物流生产,ơi,表招呼),A2,c.
1025,十一、核心动词、形容词、连词与高频成语,nhỉ,呢 (表示委婉),A2,p.
1026,四、餐饮美食、水果特产与生活调料,ổ bánh mì loaf,(个) 面包,A2,
1027,十、医疗健康、人体疾病与紧急求助,pa-tê,猪肝泥,A2,d.
1028,四、餐饮美食、水果特产与生活调料,chả,煎肉饼,A2,d.
1029,三、人称代词、家庭亲属与职场社交,phô mai,奶酪,A2,d.
1030,四、餐饮美食、水果特产与生活调料,bánh tôm,虾饼,A2,d.
1031,八、商务经贸、合同条款与物流生产,đặc sản,特产,A2,d.
1032,五、交通出行、海关通关、地理与东南亚国家,Hồ Tây,西湖,A2,d.
1033,三、人称代词、家庭亲属与职场社交,hẹn hò,约会,A2,đg.
1034,十一、核心动词、形容词、连词与高频成语,di tích,遗迹,A2,d.
1035,五、交通出行、海关通关、地理与东南亚国家,hồ nước,湖,A2,
1036,八、商务经贸、合同条款与物流生产,sáng tác,创作,A2,đg.
1037,七、酒店住宿、房屋租赁与日常家务,nghệ sĩ,艺术家,A2,d.
1038,三、人称代词、家庭亲属与职场社交,nhà thơ,诗人,A2,d.
1039,十一、核心动词、形容词、连词与高频成语,lãng mạn,浪漫,A2,t.
1040,四、餐饮美食、水果特产与生活调料,gặp gỡ,见面,A2,đg.
1041,十一、核心动词、形容词、连词与高频成语,nguồn cảm hứng,灵感源泉,A2,
1042,十一、核心动词、形容词、连词与高频成语,nghi lễ,仪式,A2,d.
1043,十一、核心动词、形容词、连词与高频成语,thể hiện,表示,A2,đg.
1044,三、人称代词、家庭亲属与职场社交,sự đồng ý,同意,A2,
1045,六、购物百货、服装尺码、颜色与售后,việc kết hôn,结婚事宜,A2,
1046,十一、核心动词、形容词、连词与高频成语,lễ chạm ngõ,问名礼仪,A2,
1047,九、金融理财、股市交易与外汇结算,đôi trai gái,一对情侣,A2,
1048,十一、核心动词、形容词、连词与高频成语,lễ ăn hỏi,纳征礼,A2,
1049,九、金融理财、股市交易与外汇结算,lễ xin dâu,请期礼仪,A2,
1050,三、人称代词、家庭亲属与职场社交,lễ đón dâu,亲迎礼仪,A2,
1051,十一、核心动词、形容词、连词与高频成语,xin,请求,A2,đg.
1052,二、时间、日期、月份与周期,rải rác,分散,B1,t.
1053,十一、核心动词、形容词、连词与高频成语,âm u,阴沉,B1,t.
1054,一、数字、量词与度量衡,độ ẩm,湿度,B1,d.
1055,二、时间、日期、月份与周期,các ngày tới,未来几天,B1,
1056,五、交通出行、海关通关、地理与东南亚国家,Tây Bắc Bộ,西北部,B1,
1057,五、交通出行、海关通关、地理与东南亚国家,Bắc Bộ,北部,B1,d.
1058,五、交通出行、海关通关、地理与东南亚国家,Nam Bộ,南部,B1,d.
1059,五、交通出行、海关通关、地理与东南亚国家,Sài Gòn,西贡,B1,d.
1060,五、交通出行、海关通关、地理与东南亚国家,phố phường,街道,B2,d.
1061,七、酒店住宿、房屋租赁与日常家务,chiếu phim,放映电影,B1,
1062,二、时间、日期、月份与周期,lúc,时候,B1,d.
1063,七、酒店住宿、房屋租赁与日常家务,xem phim,看电影,B1,
1064,五、交通出行、海关通关、地理与东南亚国家,vé xem p,电影票,B1,
1065,十一、核心动词、形容词、连词与高频成语,bóng rổ,篮球,B1,d.
1066,十一、核心动词、形容词、连词与高频成语,lớp,班,B1,d.
1067,十一、核心动词、形容词、连词与高频成语,luyện tập,锻炼,B1,đg.
1068,十一、核心动词、形容词、连词与高频成语,tập,练习,B1,đg.
1069,十一、核心动词、形容词、连词与高频成语,GYM gymnastics,健身,B1,
1070,三、人称代词、家庭亲属与职场社交,người yêu cũ ex - boy,前女友 / 前男友,B1,
1071,三、人称代词、家庭亲属与职场社交,thầy bói,算命先生,B1,d.
1072,十一、核心动词、形容词、连词与高频成语,tú tài,秀才,B2,d.
1073,十一、核心动词、形容词、连词与高频成语,làm báo,写新闻,B2,
1074,十一、核心动词、形容词、连词与高频成语,nghèo,穷,B2,t.
1075,二、时间、日期、月份与周期,giới trẻ,年轻人,B2,d.
1076,十一、核心动词、形容词、连词与高频成语,internet,互联网,B2,d.
1077,八、商务经贸、合同条款与物流生产,phù hợp với,符合于,B2,
1078,十一、核心动词、形容词、连词与高频成语,rảnh rỗi,空闲,B2,t.
1079,六、购物百货、服装尺码、颜色与售后,chất,物质,B2,d.
1080,六、购物百货、服装尺码、颜色与售后,ưu tiên,优先,B2,đg.
1081,八、商务经贸、合同条款与物流生产,kiểm soát,控制,B2,đg.
1082,十一、核心动词、形容词、连词与高频成语,gây hại cho,对 … 有害,B2,
1083,四、餐饮美食、水果特产与生活调料,chất ngọt,甜味剂,B2,
1084,八、商务经贸、合同条款与物流生产,tim mạch heart,心血管,B2,
1085,六、购物百货、服装尺码、颜色与售后,thực phẩm đóng hộp,罐头食品,B2,
1086,十一、核心动词、形容词、连词与高频成语,chất kích thích,兴奋剂,B2,
1087,十一、核心动词、形容词、连词与高频成语,giải phóng,释放,B2,đg.
1088,五、交通出行、海关通关、地理与东南亚国家,quang hợp,光合作用过程,B2,đg.
1089,六、购物百货、服装尺码、颜色与售后,diệp lục,叶绿素,B2,d.
1090,七、酒店住宿、房屋租赁与日常家务,oxi,氧气,B2,d.
1091,十一、核心动词、形容词、连词与高频成语,cacbonic,二氧化碳,B2,d.
1092,十一、核心动词、形容词、连词与高频成语,cacbondioxit,二氧化碳,B2,d
1093,三、人称代词、家庭亲属与职场社交,sinh vật,生物,B2,d.
1094,六、购物百货、服装尺码、颜色与售后,hấp thụ,吸收,B2,đg.
1095,三、人称代词、家庭亲属与职场社交,sản sinh,产生,B2,đg.
1096,十一、核心动词、形容词、连词与高频成语,nguồn năng lượng enegy,能源,B2,
1097,十一、核心动词、形容词、连词与高频成语,hình,图,未标注,d.
1098,十一、核心动词、形容词、连词与高频成语,thể loại,类型,未标注,d.
1099,五、交通出行、海关通关、地理与东南亚国家,trực tuyến,线上,未标注,d.
1100,五、交通出行、海关通关、地理与东南亚国家,nước anh/chị,国 / 国家,未标注,
1101,八、商务经贸、合同条款与物流生产,tập thể thao,做运动,未标注,
1102,五、交通出行、海关通关、地理与东南亚国家,những nước nào,哪些国家,未标注,
1103,四、餐饮美食、水果特产与生活调料,hàng quán,小餐馆,未标注,
1104,五、交通出行、海关通关、地理与东南亚国家,tiện lợi,方便/便利,未标注,t.
1105,二、时间、日期、月份与周期,người trẻ,年轻人,未标注,
1106,十一、核心动词、形容词、连词与高频成语,việc lự,这些选择,未标注,
1107,四、餐饮美食、水果特产与生活调料,tự nấu ăn,自己煮饭,未标注,
1108,四、餐饮美食、水果特产与生活调料,đi ăn ở ngoài nhà hàng,去外面吃,未标注,
1109,十一、核心动词、形容词、连词与高频成语,xu hướng,趋向,未标注,d.
1110,三、人称代词、家庭亲属与职场社交,sinh con,生孩子,未标注,
1111,五、交通出行、海关通关、地理与东南亚国家,da lịch,旅游,A1-B1,đg.
1112,四、餐饮美食、水果特产与生活调料,Chùa Hương,香寺,A1-B1,d.
1113,五、交通出行、海关通关、地理与东南亚国家,làng,村,A1-B1,d.
1114,六、购物百货、服装尺码、颜色与售后,Bát Tràng,钵场,A1-B1,d.
1115,二、时间、日期、月份与周期,Chùa Thầy,天福寺（民间称为师寺）,A1-B1,d.
1116,三、人称代词、家庭亲属与职场社交,Tràng An,长安,A1-B1,d.
1117,九、金融理财、股市交易与外汇结算,Ninh Bình,宁平,A1-B1,d.
1118,十二、常用口语短句（高频）,lớp đại học củ,我们班,A1-B1,
1119,十一、核心动词、形容词、连词与高频成语,những người yêu thích,爱好者,A1-B1,
1120,五、交通出行、海关通关、地理与东南亚国家,những đị,各地方,A1-B1,
1121,五、交通出行、海关通关、地理与东南亚国家,làng văn hó,文化村,A1-B1,
1122,十一、核心动词、形容词、连词与高频成语,thu hút được,吸引了,A1-B1,
1123,五、交通出行、海关通关、地理与东南亚国家,trong và ngoài nước,国内外,A1-B1,
1124,五、交通出行、海关通关、地理与东南亚国家,xe ô tô,汽车,A1-B1,d.
1125,十一、核心动词、形容词、连词与高频成语,việc quay p,摄像,A1-B1,
1126,五、交通出行、海关通关、地理与东南亚国家,phương tiện đi lại ve,交通工具,A1-B1,
1127,十一、核心动词、形容词、连词与高频成语,lên kế hoạch ve,做计划,A1-B1,
1128,五、交通出行、海关通关、地理与东南亚国家,trò chơi tập thể te,团队建设游戏,A1-B1,
1129,三、人称代词、家庭亲属与职场社交,người dân đị,本地人,A1-B1,
1130,三、人称代词、家庭亲属与职场社交,cuộc sống củ,生活,A1-B1,
1131,五、交通出行、海关通关、地理与东南亚国家,hành trình,行程,A1-B1,d.
1132,十一、核心动词、形容词、连词与高频成语,lạ mắt,奇特/奇异,A1-B1,t.
1133,十一、核心动词、形容词、连词与高频成语,đặt chân đến set foot,踏上,A1-B1,
1134,十一、核心动词、形容词、连词与高频成语,lạc vào,迷失于,A1-B1,
1135,五、交通出行、海关通关、地理与东南亚国家,dãy núi đá vôi,石灰岩山脉,A1-B1,
1136,六、购物百货、服装尺码、颜色与售后,xanh mát cool blue,凉爽的蓝色,A1-B1,
1137,十一、核心动词、形容词、连词与高频成语,đi sâu vào,深入,A1-B1,
1138,二、时间、日期、月份与周期,hàng ngàn năm,数千年,A1-B1,
1139,十一、核心动词、形容词、连词与高频成语,Hang Múa,舞蹈洞,A1-B1,d.
1140,五、交通出行、海关通关、地理与东南亚国家,toàn cảnh,全景,A1-B1,d.
1141,五、交通出行、海关通关、地理与东南亚国家,vùng đất,土地,A1-B1,d.
1142,十一、核心动词、形容词、连词与高频成语,mãn nguyện,满意,A1-B1,đg.
1143,十一、核心动词、形容词、连词与高频成语,trùng điệp,连绵起伏,A1-B1,t.
1144,六、购物百货、服装尺码、颜色与售后,lưu giữ,保留,A1-B1,đg.
1145,一、数字、量词与度量衡,không thể thiếu,不不可缺少,A1-B1,
1146,七、酒店住宿、房屋租赁与日常家务,bậc thang đá,石楼梯,A1-B1,
1147,五、交通出行、海关通关、地理与东南亚国家,đỉnh núi,山峰,A1-B1,
1148,四、餐饮美食、水果特产与生活调料,cánh đồng lúa,水稻田,A1-B1,
1149,四、餐饮美食、水果特产与生活调料,xanh mướt,绿油油的,A1-B1,
1150,十一、核心动词、形容词、连词与高频成语,vẻ đẹp,…之美,A1-B1,
1151,五、交通出行、海关通关、地理与东南亚国家,cảnh đẹp beaut,美景,A1-B1,
1152,四、餐饮美食、水果特产与生活调料,buổi gặp gỡ,见面会,A1-B1,
1153,四、餐饮美食、水果特产与生活调料,thịt dê nướng grilled go,烤羊肉,A1-B1,
1154,六、购物百货、服装尺码、颜色与售后,kho tàng,保藏,A1-B1,d.
1155,十一、核心动词、形容词、连词与高频成语,hiểu sâu hơn deeply,深入了解,A1-B1,
1156,二、时间、日期、月份与周期,thời,大学时光,A1-B1,
1157,五、交通出行、海关通关、地理与东南亚国家,chụp hình,拍照,A1-B1,
1158,六、购物百货、服装尺码、颜色与售后,DataReportal DataReportal,数据研究,A1-B1,
1159,一、数字、量词与度量衡,Ấn Độ,印度,A1-B1,d.
1160,九、金融理财、股市交易与外汇结算,người dùng,用户,A1-B1,
1161,八、商务经贸、合同条款与物流生产,mạng xã hội,社交网络,A1-B1,
1162,十一、核心动词、形容词、连词与高频成语,top 10,前10,A1-B1,
1163,十一、核心动词、形容词、连词与高频成语,đứng ở vị trí,位于,A1-B1,
1164,一、数字、量词与度量衡,thứ 9,第九,A1-B1,
1165,六、购物百货、服装尺码、颜色与售后,trong số,在 … 中,A1-B1,
1166,十一、核心动词、形容词、连词与高频成语,video,视频,A1-B1,d.
1167,十一、核心动词、形容词、连词与高频成语,cập nhật,更新,A1-B1,đg.
1168,九、金融理财、股市交易与外汇结算,tin tức,信息,A1-B1,d.
1169,九、金融理财、股市交易与外汇结算,miễn phí,免费,A1-B1,d.
1170,十一、核心动词、形容词、连词与高频成语,áp đảo,压倒,A1-B1,đg.
1171,五、交通出行、海关通关、地理与东南亚国家,trong nước domestic,国内,A1-B1,
1172,十一、核心动词、形容词、连词与高频成语,sự lự,选择,A1-B1,
1173,一、数字、量词与度量衡,có đến,多达,A1-B1,
1174,十一、核心动词、形容词、连词与高频成语,bỏ xa,遥遥领先于,A1-B1,
1175,十一、核心动词、形容词、连词与高频成语,tranh cãi,争论,A1-B1,d.
1176,十一、核心动词、形容词、连词与高频成语,đường hô hấp,呼吸系统,A1-B1,
1177,四、餐饮美食、水果特产与生活调料,nguồn nước,水源,A1-B1,
1178,七、酒店住宿、房屋租赁与日常家务,bị ô nhiễm,被污染,A1-B1,
1179,十、医疗健康、人体疾病与紧急求助,mắc ung thư,患有癌症,A1-B1,
1180,十一、核心动词、形容词、连词与高频成语,bệnh ung thư vú,乳腺癌 / 乳腺癌,A1-B1,
1181,十、医疗健康、人体疾病与紧急求助,ung thư phổi,肺癌,A1-B1,
1182,五、交通出行、海关通关、地理与东南亚国家,Bắc Cực,北极,A1-B1,d.
1183,五、交通出行、海关通关、地理与东南亚国家,Nam Cực,南极,A1-B1,d.
1184,二、时间、日期、月份与周期,thiên tai,天灾 / 自然灾害,A1-B1,d.
1185,三、人称代词、家庭亲属与职场社交,sinh trưởng,生长,A1-B1,đg.
1186,七、酒店住宿、房屋租赁与日常家务,sự nóng lên toàn cầu,全球暖化,A1-B1,
1187,八、商务经贸、合同条款与物流生产,nhiên liệu hó,化石燃料,A1-B1,
1188,十一、核心动词、形容词、连词与高频成语,khói bụi,烟尘,A1-B1,
1189,十一、核心动词、形容词、连词与高频成语,chặt phá rừng,砍伐树木,A1-B1,
1190,六、购物百货、服装尺码、颜色与售后,tầng khí quyển,大气层,A1-B1,
1191,一、数字、量词与度量衡,tăng chóng mặt,快速上升,A1-B1,
1192,九、金融理财、股市交易与外汇结算,tan chảy,融化,A1-B1,
1193,四、餐饮美食、水果特产与生活调料,mực nước biển se,海平面,A1-B1,
1194,三、人称代词、家庭亲属与职场社交,sự sống,生命,A1-B1,d.
1195,五、交通出行、海关通关、地理与东南亚国家,bò biển,海牛,A1-B1,d.
1196,四、餐饮美食、水果特产与生活调料,dầu khí,石油,A1-B1,d.
1197,十一、核心动词、形容词、连词与高频成语,niken,镍,A1-B1,d.
1198,九、金融理财、股市交易与外汇结算,Thái Bình Dương,太平洋,A1-B1,d.
1199,六、购物百货、服装尺码、颜色与售后,động thực vật flora,动植物,A1-B1,
1200,五、交通出行、海关通关、地理与东南亚国家,Liên Hợp Quốc,联合国,A1-B1,
1201,四、餐饮美食、水果特产与生活调料,đứng trước,面临,A1-B1,
1202,七、酒店住宿、房屋租赁与日常家务,bị tuyệt chủng be,被灭绝,A1-B1,
1203,十一、核心动词、形容词、连词与高频成语,chẳng hạn như ‘,比如,A1-B1,
1204,一、数字、量词与度量衡,dưới mức,程度下,A1-B1,
1205,三、人称代词、家庭亲属与职场社交,đáng báo động,使人惊恐,A1-B1,
1206,五、交通出行、海关通关、地理与东南亚国家,Đông P,东非,A1-B1,
1207,十一、核心动词、形容词、连词与高频成语,năng lượng,能源,A1-B1,d.
1208,三、人称代词、家庭亲属与职场社交,tái tạo,再生,A1-B1,đg.
1209,八、商务经贸、合同条款与物流生产,công cộng,公共,A1-B1,d.
1210,十一、核心动词、形容词、连词与高频成语,năng lượng hó,化石能源,A1-B1,
1211,一、数字、量词与度量衡,số một,第一,A1-B1,
1212,三、人称代词、家庭亲属与职场社交,thân thiện với môi trường,对环境友好,A1-B1,
1213,十一、核心动词、形容词、连词与高频成语,ý thức,意识,A1-B1,d.
1214,十一、核心动词、形容词、连词与高频成语,nhỏ nhặt,琐碎,A1-B1,t.
1215,七、酒店住宿、房屋租赁与日常家务,rối loạn,混乱,A1-B1,t.
1216,九、金融理财、股市交易与外汇结算,quây quần,群聚 / 汇聚,未标注,đg.
1217,三、人称代词、家庭亲属与职场社交,con cháu,子孙,未标注,d.
1218,十一、核心动词、形容词、连词与高频成语,dâng lên,供奉,未标注,đg.
1219,十一、核心动词、形容词、连词与高频成语,trang trọng,肃穆,未标注,t.
1220,十一、核心动词、形容词、连词与高频成语,nhau,互相,未标注,d.
1221,十一、核心动词、形容词、连词与高频成语,mong,希望,未标注,đg.
1222,九、金融理财、股市交易与外汇结算,được tính vào,算在,未标注,
1223,四、餐饮美食、水果特产与生活调料,mâm cơm,酒席,未标注,
1224,四、餐饮美食、水果特产与生活调料,mâm ngũ quả,五果盘,未标注,
1225,二、时间、日期、月份与周期,một năm mới,新的一年,未标注,
1226,十一、核心动词、形容词、连词与高频成语,những lời chúc,祝福,未标注,
1227,三、人称代词、家庭亲属与职场社交,trẻ nhỏ c,小孩儿,未标注,
1228,二、时间、日期、月份与周期,mừng tuổi,给压岁钱,未标注,
1229,二、时间、日期、月份与周期,được sống lâu,长命百岁,未标注,
1230,八、商务经贸、合同条款与物流生产,thay mặt,代表,未标注,đg.
1231,六、购物百货、服装尺码、颜色与售后,tiêu đề,标题,未标注,d.
1232,四、餐饮美食、水果特产与生活调料,phòng vấn,面试,未标注,đg.
1233,十一、核心动词、形容词、连词与高频成语,cấp bậc,级别,未标注,d.
1234,十一、核心动词、形容词、连词与高频成语,chi tiết,仔细,未标注,d.
1235,五、交通出行、海关通关、地理与东南亚国家,thư mời nhận việc,录用通知书,未标注,
1236,三、人称代词、家庭亲属与职场社交,người nhận,收信人,未标注,
1237,十一、核心动词、形容词、连词与高频成语,thân gửi,敬启者,未标注,
1238,四、餐饮美食、水果特产与生活调料,buổi phỏng vấn,一场面试,未标注,
1239,十一、核心动词、形容词、连词与高频成语,đính kèm,附带,未标注,
1240,十一、核心动词、形容词、连词与高频成语,biểu đồ,图表,未标注,d.
1241,十一、核心动词、形容词、连词与高频成语,lực lượng,劳动力,未标注,
1242,十一、核心动词、形容词、连词与高频成语,trở lên,以上,未标注,
1243,二、时间、日期、月份与周期,nhóm tuổi age gro,年龄段,未标注,
